away_team,week,posteam,drive_play_count,drive,qtr,drive_start_yard_line,drive_end_yard_line,drive_end_transition,down,ydstogo,yrdln,time,ydsnet,desc,play_type,yards_gained,shotgun,no_huddle,qb_dropback,qb_kneel,qb_spike,qb_scramble,passer_player_name,passing_yards,receiver_player_name,receiving_yards,rusher_player_name,rushing_yards,pass_length,pass_location,air_yards,yards_after_catch,goal_to_go,first_down_pass,third_down_converted,third_down_failed,fourth_down_converted,fourth_down_failed,incomplete_pass,interception,drive_time_of_possession,drive_first_downs,drive_inside20,drive_ended_with_score,drive_yards_penalized,punt_inside_twenty,punt_in_endzone,punt_out_of_bounds,punt_downed,punt_fair_catch,tackle_for_loss_1_player_name,tackle_for_loss_2_player_name,qb_hit_1_player_name,pass_defense_1_player_name,fumbled_1_player_name,sack_player_name,half_sack_1_player_name,half_sack_2_player_name,replay_or_challenge_result,penalty_type,drive_start_transition
GB,1,NA,NA,NA,1,NA,NA,NA,NA,0,GB 35,15:00,NA,GAME,NA,NA,0,0,NA,0,0,0,NA,NA,NA,NA,NA,NA,NA,NA,NA,NA,0,NA,NA,NA,NA,NA,NA,NA,NA,NA,NA,NA,NA,NA,NA,NA,NA,NA,NA,NA,NA,NA,NA,NA,NA,NA,NA,NA,NA
GB,1,MIN,2,1,1,MIN 35,MIN 34,INTERCEPTION,NA,0,GB 35,15:00,-1,"28-T.Smack kicks 65 yards from GB 35 to end zone, Touchback to the MIN 35.",kickoff,0,0,0,0,0,0,0,NA,NA,NA,NA,NA,NA,NA,NA,NA,NA,0,0,0,0,0,0,0,0,0:46,0,0,0,0,0,0,0,0,0,NA,NA,NA,NA,NA,NA,NA,NA,NA,NA,KICKOFF
GB,1,MIN,2,1,1,MIN 35,MIN 34,INTERCEPTION,1,10,MIN 35,15:00,-1,(15:00) (Shotgun) 33-A.Jones up the middle to MIN 34 for -1 yards (25-K.Nixon).,run,-1,1,0,0,0,0,0,NA,NA,NA,NA,A.Jones,-1,NA,NA,NA,NA,0,0,0,0,0,0,0,0,0:46,0,0,0,0,0,0,0,0,0,K.Nixon,NA,NA,NA,NA,NA,NA,NA,NA,NA,KICKOFF
GB,1,MIN,2,1,1,MIN 35,MIN 34,INTERCEPTION,2,11,MIN 34,14:23,-1,(14:23) (Shotgun) 1-K.Murray pass deep right intended for 14-J.Jennings INTERCEPTED by 25-K.Nixon [44-Z.Franklin] at GB 36. 25-K.Nixon to GB 47 for 11 yards (87-T.Hockenson).,pass,0,1,0,1,0,0,0,K.Murray,NA,J.Jennings,NA,NA,NA,deep,right,30,NA,0,0,0,0,0,0,0,1,0:46,0,0,0,0,0,0,0,0,0,NA,NA,Z.Franklin,K.Nixon,NA,NA,NA,NA,NA,NA,KICKOFF
GB,1,GB,6,2,1,GB 47,MIN 41,FIELD_GOAL,1,10,GB 47,14:14,12,(14:14) 10-J.Love pass incomplete short middle to 85-T.Kraft [15-D.Turner].,pass,0,0,0,1,0,0,0,J.Love,NA,T.Kraft,NA,NA,NA,short,middle,12,NA,0,0,0,0,0,0,1,0,2:03,1,0,1,-5,0,0,0,0,0,NA,NA,D.Turner,NA,NA,NA,NA,NA,NA,NA,INTERCEPTION
GB,1,GB,6,2,1,GB 47,MIN 41,FIELD_GOAL,2,10,GB 47,14:10,12,(14:10) 30-C.Brooks left tackle to MIN 39 for 14 yards (26-T.Jackson).,run,14,0,0,0,0,0,0,NA,NA,NA,NA,C.Brooks,14,NA,NA,NA,NA,0,0,0,0,0,0,0,0,2:03,1,0,1,-5,0,0,0,0,0,NA,NA,NA,NA,NA,NA,NA,NA,NA,NA,INTERCEPTION
GB,1,GB,6,2,1,GB 47,MIN 41,FIELD_GOAL,1,10,MIN 39,13:29,12,"(13:29) (Shotgun) PENALTY on GB-77-J.Morgan, False Start, 5 yards, enforced at MIN 39 - No Play.",no_play,0,1,0,0,0,0,0,NA,NA,NA,NA,NA,NA,NA,NA,NA,NA,0,0,0,0,0,0,0,0,2:03,1,0,1,-5,0,0,0,0,0,NA,NA,NA,NA,NA,NA,NA,NA,NA,False Start,INTERCEPTION
GB,1,GB,6,2,1,GB 47,MIN 41,FIELD_GOAL,1,15,MIN 44,13:10,12,(13:10) 30-C.Brooks left guard to MIN 41 for 3 yards (44-J.Metellus; 55-E.Wilson).,run,3,0,0,0,0,0,0,NA,NA,NA,NA,C.Brooks,3,NA,NA,NA,NA,0,0,0,0,0,0,0,0,2:03,1,0,1,-5,0,0,0,0,0,NA,NA,NA,NA,NA,NA,NA,NA,NA,NA,INTERCEPTION
GB,1,GB,6,2,1,GB 47,MIN 41,FIELD_GOAL,2,12,MIN 41,12:25,12,(12:25) (Shotgun) 10-J.Love pass incomplete deep middle to 85-T.Kraft.,pass,0,1,0,1,0,0,0,J.Love,NA,T.Kraft,NA,NA,NA,deep,middle,24,NA,0,0,0,0,0,0,1,0,2:03,1,0,1,-5,0,0,0,0,0,NA,NA,NA,NA,NA,NA,NA,NA,NA,NA,INTERCEPTION
GB,1,GB,6,2,1,GB 47,MIN 41,FIELD_GOAL,3,12,MIN 41,12:22,12,(12:22) (Shotgun) 10-J.Love pass incomplete deep right to 0-M.Golden [43-A.Van Ginkel].,pass,0,1,0,1,0,0,0,J.Love,NA,M.Golden,NA,NA,NA,deep,right,31,NA,0,0,0,1,0,0,1,0,2:03,1,0,1,-5,0,0,0,0,0,NA,NA,A.Van Ginkel,NA,NA,NA,NA,NA,NA,NA,INTERCEPTION
GB,1,GB,6,2,1,GB 47,MIN 41,FIELD_GOAL,4,12,MIN 41,12:16,12,"(12:16) 28-T.Smack 59 yard field goal is GOOD, Center-42-M.Orzech, Holder-19-D.Whelan.",field_goal,0,0,0,0,0,0,0,NA,NA,NA,NA,NA,NA,NA,NA,NA,NA,0,0,0,0,0,0,0,0,2:03,1,0,1,-5,0,0,0,0,0,NA,NA,NA,NA,NA,NA,NA,NA,NA,NA,INTERCEPTION
GB,1,MIN,6,3,1,MIN 30,MIN 45,PUNT,NA,0,GB 35,12:11,15,28-T.Smack kicks 64 yards from GB 35 to MIN 1. 4-M.Price to MIN 30 for 29 yards (36-K.Hadden).,kickoff,0,0,0,0,0,0,0,NA,NA,NA,NA,NA,NA,NA,NA,NA,NA,0,0,0,0,0,0,0,0,4:15,1,0,0,-10,0,0,0,0,0,NA,NA,NA,NA,NA,NA,NA,NA,NA,NA,KICKOFF
GB,1,MIN,6,3,1,MIN 30,MIN 45,PUNT,1,10,MIN 30,12:06,15,(12:06) 1-K.Murray pass incomplete short right.,pass,0,0,0,1,0,0,0,K.Murray,NA,NA,NA,NA,NA,short,right,4,NA,0,0,0,0,0,0,1,0,4:15,1,0,0,-10,0,0,0,0,0,NA,NA,NA,NA,NA,NA,NA,NA,NA,NA,KICKOFF
GB,1,MIN,6,3,1,MIN 30,MIN 45,PUNT,2,10,MIN 30,12:00,15,(12:00) 33-A.Jones left end to MIN 36 for 6 yards (99-B.Sorrell).,run,6,0,0,0,0,0,0,NA,NA,NA,NA,A.Jones,6,NA,NA,NA,NA,0,0,0,0,0,0,0,0,4:15,1,0,0,-10,0,0,0,0,0,NA,NA,NA,NA,NA,NA,NA,NA,NA,NA,KICKOFF
GB,1,MIN,6,3,1,MIN 30,MIN 45,PUNT,3,4,MIN 36,11:19,15,(11:19) (Shotgun) 1-K.Murray pass short right to 18-J.Jefferson to MIN 45 for 9 yards (25-K.Nixon).,pass,9,1,0,1,0,0,0,K.Murray,9,J.Jefferson,9,NA,NA,short,right,9,0,0,1,1,0,0,0,0,0,4:15,1,0,0,-10,0,0,0,0,0,NA,NA,NA,NA,NA,NA,NA,NA,NA,NA,KICKOFF
GB,1,MIN,6,3,1,MIN 30,MIN 45,PUNT,1,10,MIN 45,10:37,15,"(10:37) 27-J.Mason left end to MIN 41 for -4 yards (56-E.Cooper, 51-D.Dennis-Sutton).",run,-4,0,0,0,0,0,0,NA,NA,NA,NA,J.Mason,-4,NA,NA,NA,NA,0,0,0,0,0,0,0,0,4:15,1,0,0,-10,0,0,0,0,0,E.Cooper,NA,NA,NA,NA,NA,NA,NA,NA,NA,KICKOFF
GB,1,MIN,6,3,1,MIN 30,MIN 45,PUNT,2,14,MIN 41,09:57,15,(9:57) (Shotgun) 1-K.Murray scrambles left end ran ob at MIN 48 for 7 yards (2-B.Cisse).,run,7,1,0,1,0,0,1,NA,NA,NA,NA,K.Murray,7,NA,NA,NA,NA,0,0,0,0,0,0,0,0,4:15,1,0,0,-10,0,0,0,0,0,NA,NA,NA,NA,NA,NA,NA,NA,NA,NA,KICKOFF
GB,1,MIN,6,3,1,MIN 30,MIN 45,PUNT,3,7,MIN 48,09:17,15,"(9:17) (Shotgun) PENALTY on MIN-75-B.O'Neill, False Start, 5 yards, enforced at MIN 48 - No Play.",no_play,0,1,0,0,0,0,0,NA,NA,NA,NA,NA,NA,NA,NA,NA,NA,0,0,0,0,0,0,0,0,4:15,1,0,0,-10,0,0,0,0,0,NA,NA,NA,NA,NA,NA,NA,NA,NA,False Start,KICKOFF
GB,1,MIN,6,3,1,MIN 30,MIN 45,PUNT,3,12,MIN 43,08:57,15,"(8:57) (Shotgun) PENALTY on MIN-64-B.Brandel, False Start, 5 yards, enforced at MIN 43 - No Play.",no_play,0,1,0,0,0,0,0,NA,NA,NA,NA,NA,NA,NA,NA,NA,NA,0,0,0,0,0,0,0,0,4:15,1,0,0,-10,0,0,0,0,0,NA,NA,NA,NA,NA,NA,NA,NA,NA,False Start,KICKOFF
GB,1,MIN,6,3,1,MIN 30,MIN 45,PUNT,3,17,MIN 38,08:43,15,(8:43) (Shotgun) 1-K.Murray pass short right to 87-T.Hockenson to MIN 45 for 7 yards (29-X.McKinney).,pass,7,1,0,1,0,0,0,K.Murray,7,T.Hockenson,7,NA,NA,short,right,-5,12,0,0,0,1,0,0,0,0,4:15,1,0,0,-10,0,0,0,0,0,NA,NA,NA,NA,NA,NA,NA,NA,NA,NA,KICKOFF
GB,1,MIN,6,3,1,MIN 30,MIN 45,PUNT,4,10,MIN 45,08:13,15,"(8:13) 19-B.Thorson punts 36 yards to GB 19, Center-42-A.DePaola, fair catch by 23-S.Moore.",punt,0,0,0,0,0,0,0,NA,NA,NA,NA,NA,NA,NA,NA,NA,NA,0,0,0,0,0,0,0,0,4:15,1,0,0,-10,1,0,0,0,1,NA,NA,NA,NA,NA,NA,NA,NA,NA,NA,KICKOFF
GB,1,GB,2,4,1,GB 19,GB 19,TOUCHDOWN,1,10,GB 19,07:56,81,"(7:56) (Shotgun) 10-J.Love pass short right to 18-J.Smith to GB 23 for 4 yards (7-B.Murphy). Minnesota challenged the pass completion ruling, and the play was REVERSED. (Shotgun) 10-J.Love pass incomplete short right to 18-J.Smith (7-B.Murphy).",pass,0,1,0,1,0,0,0,J.Love,NA,J.Smith,NA,NA,NA,short,right,4,NA,0,0,0,0,0,0,1,0,0:13,1,0,1,0,0,0,0,0,0,NA,NA,NA,B.Murphy,NA,NA,NA,NA,reversed,NA,PUNT
GB,1,GB,2,4,1,GB 19,GB 19,TOUCHDOWN,2,10,GB 19,07:54,81,"(7:54) (Shotgun) 10-J.Love pass deep middle to 9-C.Watson for 81 yards, TOUCHDOWN. MIN-2-I.Rodgers was injured during the play.",pass,81,1,0,1,0,0,0,J.Love,81,C.Watson,81,NA,NA,deep,middle,16,65,0,1,0,0,0,0,0,0,0:13,1,0,1,0,0,0,0,0,0,NA,NA,NA,NA,NA,NA,NA,NA,NA,NA,PUNT
GB,1,GB,2,4,1,GB 19,GB 19,TOUCHDOWN,NA,0,MIN 15,07:43,81,"28-T.Smack extra point is No Good, Wide Right, Center-42-M.Orzech, Holder-19-D.Whelan.",extra_point,0,0,0,0,0,0,0,NA,NA,NA,NA,NA,NA,NA,NA,NA,NA,0,0,0,0,0,0,0,0,0:13,1,0,1,0,0,0,0,0,0,NA,NA,NA,NA,NA,NA,NA,NA,NA,NA,PUNT
GB,1,MIN,12,5,1,MIN 30,GB 20,FIELD_GOAL,NA,0,GB 35,07:43,50,28-T.Smack kicks 61 yards from GB 35 to MIN 4. 4-M.Price to MIN 30 for 26 yards (99-B.Sorrell).,kickoff,0,0,0,0,0,0,0,NA,NA,NA,NA,NA,NA,NA,NA,NA,NA,0,0,0,0,0,0,0,0,6:05,3,0,1,15,0,0,0,0,0,NA,NA,NA,NA,NA,NA,NA,NA,NA,NA,KICKOFF
GB,1,MIN,12,5,1,MIN 30,GB 20,FIELD_GOAL,1,10,MIN 30,07:38,50,(7:38) 27-J.Mason right end to MIN 31 for 1 yard (95-D.Wyatt).,run,1,0,0,0,0,0,0,NA,NA,NA,NA,J.Mason,1,NA,NA,NA,NA,0,0,0,0,0,0,0,0,6:05,3,0,1,15,0,0,0,0,0,NA,NA,NA,NA,NA,NA,NA,NA,NA,NA,KICKOFF
GB,1,MIN,12,5,1,MIN 30,GB 20,FIELD_GOAL,2,9,MIN 31,06:58,50,(6:58) (Shotgun) 1-K.Murray pass short left to 18-J.Jefferson to MIN 33 for 2 yards (7-J.Bullard).,pass,2,1,0,1,0,0,0,K.Murray,2,J.Jefferson,2,NA,NA,short,left,-3,5,0,0,0,0,0,0,0,0,6:05,3,0,1,15,0,0,0,0,0,NA,NA,NA,NA,NA,NA,NA,NA,NA,NA,KICKOFF
GB,1,MIN,12,5,1,MIN 30,GB 20,FIELD_GOAL,3,7,MIN 33,06:16,50,"(6:16) (Shotgun) 1-K.Murray scrambles right end to MIN 35 for 2 yards (90-L.Van Ness). MIN-1-K.Murray was injured during the play. PENALTY on GB-7-J.Bullard, Unnecessary Roughness, 15 yards, enforced at MIN 35.",run,2,1,0,1,0,0,1,NA,NA,NA,NA,K.Murray,2,NA,NA,NA,NA,0,0,0,1,0,0,0,0,6:05,3,0,1,15,0,0,0,0,0,NA,NA,NA,NA,NA,NA,NA,NA,NA,Unnecessary Roughness,KICKOFF
GB,1,MIN,12,5,1,MIN 30,GB 20,FIELD_GOAL,1,10,MID 50,05:58,50,(5:58) 27-J.Mason right tackle to GB 46 for 4 yards (57-B.Cox).,run,4,0,0,0,0,0,0,NA,NA,NA,NA,J.Mason,4,NA,NA,NA,NA,0,0,0,0,0,0,0,0,6:05,3,0,1,15,0,0,0,0,0,NA,NA,NA,NA,NA,NA,NA,NA,NA,NA,KICKOFF
GB,1,MIN,12,5,1,MIN 30,GB 20,FIELD_GOAL,2,6,GB 46,05:13,50,(5:13) 11-C.Wentz pass incomplete deep right to 18-J.Jefferson.,pass,0,0,0,1,0,0,0,C.Wentz,NA,J.Jefferson,NA,NA,NA,deep,right,16,NA,0,0,0,0,0,0,1,0,6:05,3,0,1,15,0,0,0,0,0,NA,NA,NA,NA,NA,NA,NA,NA,NA,NA,KICKOFF
GB,1,MIN,12,5,1,MIN 30,GB 20,FIELD_GOAL,3,6,GB 46,05:08,50,(5:08) (Shotgun) 11-C.Wentz pass short right to 18-J.Jefferson pushed ob at GB 37 for 9 yards (25-K.Nixon).,pass,9,1,0,1,0,0,0,C.Wentz,9,J.Jefferson,9,NA,NA,short,right,9,0,0,1,1,0,0,0,0,0,6:05,3,0,1,15,0,0,0,0,0,NA,NA,NA,NA,NA,NA,NA,NA,NA,NA,KICKOFF
GB,1,MIN,12,5,1,MIN 30,GB 20,FIELD_GOAL,1,10,GB 37,04:32,50,(4:32) (Shotgun) 33-A.Jones up the middle to GB 29 for 8 yards (33-E.Williams).,run,8,1,0,0,0,0,0,NA,NA,NA,NA,A.Jones,8,NA,NA,NA,NA,0,0,0,0,0,0,0,0,6:05,3,0,1,15,0,0,0,0,0,NA,NA,NA,NA,NA,NA,NA,NA,NA,NA,KICKOFF
GB,1,MIN,12,5,1,MIN 30,GB 20,FIELD_GOAL,2,2,GB 29,03:51,50,(3:51) 33-A.Jones left guard to GB 25 for 4 yards (95-D.Wyatt).,run,4,0,0,0,0,0,0,NA,NA,NA,NA,A.Jones,4,NA,NA,NA,NA,0,0,0,0,0,0,0,0,6:05,3,0,1,15,0,0,0,0,0,NA,NA,NA,NA,NA,NA,NA,NA,NA,NA,KICKOFF
GB,1,MIN,12,5,1,MIN 30,GB 20,FIELD_GOAL,1,10,GB 25,03:07,50,(3:07) 27-J.Mason left end pushed ob at GB 21 for 4 yards (33-E.Williams).,run,4,0,0,0,0,0,0,NA,NA,NA,NA,J.Mason,4,NA,NA,NA,NA,0,0,0,0,0,0,0,0,6:05,3,0,1,15,0,0,0,0,0,NA,NA,NA,NA,NA,NA,NA,NA,NA,NA,KICKOFF
GB,1,MIN,12,5,1,MIN 30,GB 20,FIELD_GOAL,2,6,GB 21,02:31,50,(2:31) (Shotgun) 11-C.Wentz scrambles up the middle to GB 20 for 1 yard (57-B.Cox).,run,1,1,0,1,0,0,1,NA,NA,NA,NA,C.Wentz,1,NA,NA,NA,NA,0,0,0,0,0,0,0,0,6:05,3,0,1,15,0,0,0,0,0,NA,NA,NA,NA,NA,NA,NA,NA,NA,NA,KICKOFF
GB,1,MIN,12,5,1,MIN 30,GB 20,FIELD_GOAL,3,5,GB 20,01:46,50,(1:46) (Shotgun) 11-C.Wentz pass incomplete short left to 3-J.Addison.,pass,0,1,0,1,0,0,0,C.Wentz,NA,J.Addison,NA,NA,NA,short,left,11,NA,0,0,0,1,0,0,1,0,6:05,3,0,1,15,0,0,0,0,0,NA,NA,NA,NA,NA,NA,NA,NA,NA,NA,KICKOFF
GB,1,MIN,12,5,1,MIN 30,GB 20,FIELD_GOAL,4,5,GB 20,01:42,50,"(1:42) 16-W.Reichard 38 yard field goal is GOOD, Center-42-A.DePaola, Holder-19-B.Thorson.",field_goal,0,0,0,0,0,0,0,NA,NA,NA,NA,NA,NA,NA,NA,NA,NA,0,0,0,0,0,0,0,0,6:05,3,0,1,15,0,0,0,0,0,NA,NA,NA,NA,NA,NA,NA,NA,NA,NA,KICKOFF
GB,1,GB,7,6,1,MIN 40,MIN 25,FIELD_GOAL,NA,0,MIN 35,01:38,15,16-W.Reichard kicks 64 yards from MIN 35 to GB 1. 16-B.Melton pushed ob at MIN 40 for 59 yards (23-J.Pierre).,kickoff,0,0,0,0,0,0,0,NA,NA,NA,NA,NA,NA,NA,NA,NA,NA,0,0,0,0,0,0,0,0,2:46,1,0,1,-5,0,0,0,0,0,NA,NA,NA,NA,NA,NA,NA,NA,NA,NA,KICKOFF
GB,1,GB,7,6,1,MIN 40,MIN 25,FIELD_GOAL,1,10,MIN 40,01:30,15,(1:30) 71-A.Belton reported in as eligible. 32-M.Lloyd left tackle to MIN 35 for 5 yards (61-J.Redmond). ** Injury Update: MIN-2-I.Rodgers has returned to the game.,run,5,0,0,0,0,0,0,NA,NA,NA,NA,M.Lloyd,5,NA,NA,NA,NA,0,0,0,0,0,0,0,0,2:46,1,0,1,-5,0,0,0,0,0,NA,NA,NA,NA,NA,NA,NA,NA,NA,NA,KICKOFF
GB,1,GB,7,6,1,MIN 40,MIN 25,FIELD_GOAL,2,5,MIN 35,00:53,15,(:53) 32-M.Lloyd left end to MIN 37 for -2 yards (0-I.Pace).,run,-2,0,0,0,0,0,0,NA,NA,NA,NA,M.Lloyd,-2,NA,NA,NA,NA,0,0,0,0,0,0,0,0,2:46,1,0,1,-5,0,0,0,0,0,I.Pace,NA,NA,NA,NA,NA,NA,NA,NA,NA,KICKOFF
GB,1,GB,7,6,1,MIN 40,MIN 25,FIELD_GOAL,3,7,MIN 37,00:32,15,"(:32) (No Huddle, Shotgun) 10-J.Love pass short left to 9-C.Watson to MIN 27 for 10 yards (7-B.Murphy).",pass,10,1,1,1,0,0,0,J.Love,10,C.Watson,10,NA,NA,short,left,5,5,0,1,1,0,0,0,0,0,2:46,1,0,1,-5,0,0,0,0,0,NA,NA,NA,NA,NA,NA,NA,NA,NA,NA,KICKOFF
GB,1,GB,7,6,1,MIN 40,MIN 25,FIELD_GOAL,1,10,MIN 27,00:09,15,(:09) (No Huddle) 10-J.Love pass incomplete short right to 0-M.Golden.,pass,0,0,1,1,0,0,0,J.Love,NA,M.Golden,NA,NA,NA,short,right,6,NA,0,0,0,0,0,0,1,0,2:46,1,0,1,-5,0,0,0,0,0,NA,NA,NA,NA,NA,NA,NA,NA,NA,NA,KICKOFF
GB,1,GB,7,6,1,MIN 40,MIN 25,FIELD_GOAL,2,10,MIN 27,00:07,15,(:07) (Shotgun) 32-M.Lloyd left tackle to MIN 26 for 1 yard (61-J.Redmond).,run,1,1,0,0,0,0,0,NA,NA,NA,NA,M.Lloyd,1,NA,NA,NA,NA,0,0,0,0,0,0,0,0,2:46,1,0,1,-5,0,0,0,0,0,NA,NA,NA,NA,NA,NA,NA,NA,NA,NA,KICKOFF
GB,1,GB,7,6,1,MIN 40,MIN 25,FIELD_GOAL,NA,0,MIN 26,00:00,15,END QUARTER 1,NA,NA,0,0,NA,0,0,0,NA,NA,NA,NA,NA,NA,NA,NA,NA,NA,0,NA,NA,NA,NA,NA,NA,NA,2:46,1,0,1,-5,NA,NA,NA,NA,NA,NA,NA,NA,NA,NA,NA,NA,NA,NA,NA,KICKOFF
GB,1,GB,7,6,2,MIN 40,MIN 25,FIELD_GOAL,3,9,MIN 26,15:00,15,(15:00) (Shotgun) 10-J.Love pass short right to 9-C.Watson to MIN 20 for 6 yards (2-I.Rodgers).,pass,6,1,0,1,0,0,0,J.Love,6,C.Watson,6,NA,NA,short,right,6,0,0,0,0,1,0,0,0,0,2:46,1,0,1,-5,0,0,0,0,0,NA,NA,NA,NA,NA,NA,NA,NA,NA,NA,KICKOFF
GB,1,GB,7,6,2,MIN 40,MIN 25,FIELD_GOAL,4,3,MIN 20,14:10,15,"(14:10) (Shotgun) PENALTY on GB-10-J.Love, False Start, 5 yards, enforced at MIN 20 - No Play.",no_play,0,1,0,0,0,0,0,NA,NA,NA,NA,NA,NA,NA,NA,NA,NA,0,0,0,0,0,0,0,0,2:46,1,0,1,-5,0,0,0,0,0,NA,NA,NA,NA,NA,NA,NA,NA,NA,False Start,KICKOFF
GB,1,GB,7,6,2,MIN 40,MIN 25,FIELD_GOAL,4,8,MIN 25,13:56,15,"(13:56) 28-T.Smack 43 yard field goal is GOOD, Center-42-M.Orzech, Holder-19-D.Whelan.",field_goal,0,0,0,0,0,0,0,NA,NA,NA,NA,NA,NA,NA,NA,NA,NA,0,0,0,0,0,0,0,0,2:46,1,0,1,-5,0,0,0,0,0,NA,NA,NA,NA,NA,NA,NA,NA,NA,NA,KICKOFF
GB,1,MIN,6,7,2,MIN 40,GB 48,PUNT,NA,0,GB 35,13:52,12,28-T.Smack kicks 59 yards from GB 35 to MIN 6. 4-M.Price ran ob at MIN 40 for 34 yards (21-B.St-Juste).,kickoff,0,0,0,0,0,0,0,NA,NA,NA,NA,NA,NA,NA,NA,NA,NA,0,0,0,0,0,0,0,0,3:18,1,0,0,0,0,0,0,0,0,NA,NA,NA,NA,NA,NA,NA,NA,NA,NA,KICKOFF
GB,1,MIN,6,7,2,MIN 40,GB 48,PUNT,1,10,MIN 40,13:46,12,(13:46) 27-J.Mason right guard to MIN 48 for 8 yards (33-E.Williams).,run,8,0,0,0,0,0,0,NA,NA,NA,NA,J.Mason,8,NA,NA,NA,NA,0,0,0,0,0,0,0,0,3:18,1,0,0,0,0,0,0,0,0,NA,NA,NA,NA,NA,NA,NA,NA,NA,NA,KICKOFF
GB,1,MIN,6,7,2,MIN 40,GB 48,PUNT,2,2,MIN 48,13:06,12,(13:06) (Shotgun) 27-J.Mason up the middle to MIN 49 for 1 yard (95-D.Wyatt).,run,1,1,0,0,0,0,0,NA,NA,NA,NA,J.Mason,1,NA,NA,NA,NA,0,0,0,0,0,0,0,0,3:18,1,0,0,0,0,0,0,0,0,NA,NA,NA,NA,NA,NA,NA,NA,NA,NA,KICKOFF
GB,1,MIN,6,7,2,MIN 40,GB 48,PUNT,3,1,MIN 49,12:40,12,(12:40) (No Huddle) 11-C.Wentz up the middle to 50 for 1 yard (90-L.Van Ness).,run,1,0,1,0,0,0,0,NA,NA,NA,NA,C.Wentz,1,NA,NA,NA,NA,0,0,1,0,0,0,0,0,3:18,1,0,0,0,0,0,0,0,0,NA,NA,NA,NA,NA,NA,NA,NA,NA,NA,KICKOFF
GB,1,MIN,6,7,2,MIN 40,GB 48,PUNT,1,10,MID 50,12:10,12,"(12:10) (No Huddle, Shotgun) 27-J.Mason right guard to GB 49 for 1 yard (44-Z.Franklin; 55-C.McClellan).",run,1,1,1,0,0,0,0,NA,NA,NA,NA,J.Mason,1,NA,NA,NA,NA,0,0,0,0,0,0,0,0,3:18,1,0,0,0,0,0,0,0,0,NA,NA,NA,NA,NA,NA,NA,NA,NA,NA,KICKOFF
GB,1,MIN,6,7,2,MIN 40,GB 48,PUNT,2,9,GB 49,11:26,12,(11:26) (Shotgun) 11-C.Wentz pass incomplete short middle to 33-A.Jones.,pass,0,1,0,1,0,0,0,C.Wentz,NA,A.Jones,NA,NA,NA,short,middle,4,NA,0,0,0,0,0,0,1,0,3:18,1,0,0,0,0,0,0,0,0,NA,NA,NA,NA,NA,NA,NA,NA,NA,NA,KICKOFF
GB,1,MIN,6,7,2,MIN 40,GB 48,PUNT,3,9,GB 49,11:21,12,(11:21) (Shotgun) 11-C.Wentz pass short right to 31-D.Dallas to GB 48 for 1 yard (56-E.Cooper).,pass,1,1,0,1,0,0,0,C.Wentz,1,D.Dallas,1,NA,NA,short,right,1,0,0,0,0,1,0,0,0,0,3:18,1,0,0,0,0,0,0,0,0,NA,NA,NA,NA,NA,NA,NA,NA,NA,NA,KICKOFF
GB,1,MIN,6,7,2,MIN 40,GB 48,PUNT,4,8,GB 48,10:40,12,"(10:40) 19-B.Thorson punts 34 yards to GB 14, Center-42-A.DePaola, fair catch by 23-S.Moore.",punt,0,0,0,0,0,0,0,NA,NA,NA,NA,NA,NA,NA,NA,NA,NA,0,0,0,0,0,0,0,0,3:18,1,0,0,0,1,0,0,0,1,NA,NA,NA,NA,NA,NA,NA,NA,NA,NA,KICKOFF
GB,1,GB,4,8,2,GB 14,MIN 49,PUNT,1,10,GB 14,10:34,37,(10:34) 10-J.Love pass deep left to 85-T.Kraft to GB 44 for 30 yards (7-B.Murphy) [50-L.Rodriguez].,pass,30,0,0,1,0,0,0,J.Love,30,T.Kraft,30,NA,NA,deep,left,20,10,0,1,0,0,0,0,0,0,2:14,1,0,0,0,0,0,0,0,0,NA,NA,L.Rodriguez,NA,NA,NA,NA,NA,NA,NA,PUNT
GB,1,GB,4,8,2,GB 14,MIN 49,PUNT,1,10,GB 44,09:53,37,(9:53) 32-M.Lloyd right tackle to GB 46 for 2 yards (55-E.Wilson).,run,2,0,0,0,0,0,0,NA,NA,NA,NA,M.Lloyd,2,NA,NA,NA,NA,0,0,0,0,0,0,0,0,2:14,1,0,0,0,0,0,0,0,0,NA,NA,NA,NA,NA,NA,NA,NA,NA,NA,PUNT
GB,1,GB,4,8,2,GB 14,MIN 49,PUNT,2,8,GB 46,09:18,37,(9:18) 10-J.Love pass incomplete deep left to 11-J.Reed.,pass,0,0,0,1,0,0,0,J.Love,NA,J.Reed,NA,NA,NA,deep,left,18,NA,0,0,0,0,0,0,1,0,2:14,1,0,0,0,0,0,0,0,0,NA,NA,NA,NA,NA,NA,NA,NA,NA,NA,PUNT
GB,1,GB,4,8,2,GB 14,MIN 49,PUNT,3,8,GB 46,09:15,37,(9:15) (Shotgun) 10-J.Love pass short left to 0-M.Golden to MIN 49 for 5 yards (2-I.Rodgers).,pass,5,1,0,1,0,0,0,J.Love,5,M.Golden,5,NA,NA,short,left,3,2,0,0,0,1,0,0,0,0,2:14,1,0,0,0,0,0,0,0,0,NA,NA,NA,NA,NA,NA,NA,NA,NA,NA,PUNT
GB,1,GB,4,8,2,GB 14,MIN 49,PUNT,4,3,MIN 49,08:28,37,"(8:28) 19-D.Whelan punts 45 yards to MIN 4, Center-42-M.Orzech, downed by GB-16-B.Melton.",punt,0,0,0,0,0,0,0,NA,NA,NA,NA,NA,NA,NA,NA,NA,NA,0,0,0,0,0,0,0,0,2:14,1,0,0,0,1,0,0,1,0,NA,NA,NA,NA,NA,NA,NA,NA,NA,NA,PUNT
GB,1,MIN,3,9,2,MIN 4,MIN 5,PUNT,1,10,MIN 4,08:20,1,(8:20) 33-A.Jones up the middle to MIN 10 for 6 yards (96-J.Ford). The player down by contact was assisted by replay.,run,6,0,0,0,0,0,0,NA,NA,NA,NA,A.Jones,6,NA,NA,NA,NA,0,0,0,0,0,0,0,0,2:24,0,0,0,0,0,0,0,0,0,NA,NA,NA,NA,NA,NA,NA,NA,NA,NA,PUNT
GB,1,MIN,3,9,2,MIN 4,MIN 5,PUNT,2,4,MIN 10,07:39,1,(7:39) 33-A.Jones left end to MIN 10 for no gain (90-L.Van Ness).,run,0,0,0,0,0,0,0,NA,NA,NA,NA,A.Jones,0,NA,NA,NA,NA,0,0,0,0,0,0,0,0,2:24,0,0,0,0,0,0,0,0,0,NA,NA,NA,NA,NA,NA,NA,NA,NA,NA,PUNT
GB,1,MIN,3,9,2,MIN 4,MIN 5,PUNT,3,4,MIN 10,06:53,1,(6:53) (Shotgun) 11-C.Wentz sacked at MIN 5 for -5 yards (90-L.Van Ness).,pass,-5,1,0,1,0,0,0,C.Wentz,NA,NA,NA,NA,NA,NA,NA,NA,NA,0,0,0,1,0,0,0,0,2:24,0,0,0,0,0,0,0,0,0,L.Van Ness,NA,L.Van Ness,NA,NA,L.Van Ness,NA,NA,NA,NA,PUNT
GB,1,MIN,3,9,2,MIN 4,MIN 5,PUNT,4,9,MIN 5,06:08,1,"(6:08) 19-B.Thorson punts 43 yards to MIN 48, Center-42-A.DePaola. 23-S.Moore to MIN 36 for 12 yards (42-A.DePaola; 29-Jac.Thomas).",punt,0,0,0,0,0,0,0,NA,NA,NA,NA,NA,NA,NA,NA,NA,NA,0,0,0,0,0,0,0,0,2:24,0,0,0,0,0,0,0,0,0,NA,NA,NA,NA,NA,NA,NA,NA,NA,NA,PUNT
GB,1,GB,3,10,2,MIN 36,GB 49,PUNT,1,10,MIN 36,05:56,-15,"(5:56) PENALTY on GB-67-D.Jennings, False Start, 5 yards, enforced at MIN 36 - No Play.",no_play,0,0,0,0,0,0,0,NA,NA,NA,NA,NA,NA,NA,NA,NA,NA,0,0,0,0,0,0,0,0,0:38,0,0,0,-15,0,0,0,0,0,NA,NA,NA,NA,NA,NA,NA,NA,NA,False Start,PUNT
GB,1,GB,3,10,2,MIN 36,GB 49,PUNT,1,15,MIN 41,05:56,-15,(5:56) 10-J.Love pass incomplete short right [15-D.Turner].,pass,0,0,0,1,0,0,0,J.Love,NA,NA,NA,NA,NA,short,right,-9,NA,0,0,0,0,0,0,1,0,0:38,0,0,0,-15,0,0,0,0,0,NA,NA,D.Turner,NA,NA,NA,NA,NA,NA,NA,PUNT
GB,1,GB,3,10,2,MIN 36,GB 49,PUNT,2,15,MIN 41,05:52,-15,"(5:52) (Shotgun) 30-C.Brooks right end to MIN 37 for 4 yards (7-B.Murphy). PENALTY on GB-75-S.Rhyan, Offensive Holding, 10 yards, enforced at MIN 41 - No Play.",no_play,0,1,0,0,0,0,0,NA,NA,NA,NA,NA,NA,NA,NA,NA,NA,0,0,0,0,0,0,0,0,0:38,0,0,0,-15,0,0,0,0,0,NA,NA,NA,NA,NA,NA,NA,NA,NA,Offensive Holding,PUNT
GB,1,GB,3,10,2,MIN 36,GB 49,PUNT,2,25,GB 49,05:34,-15,(5:34) (Shotgun) 10-J.Love pass incomplete short left to 30-C.Brooks [55-E.Wilson].,pass,0,1,0,1,0,0,0,J.Love,NA,C.Brooks,NA,NA,NA,short,left,-6,NA,0,0,0,0,0,0,1,0,0:38,0,0,0,-15,0,0,0,0,0,NA,NA,E.Wilson,NA,NA,NA,NA,NA,NA,NA,PUNT
GB,1,GB,3,10,2,MIN 36,GB 49,PUNT,3,25,GB 49,05:31,-15,(5:31) (Shotgun) 10-J.Love pass incomplete short left to 11-J.Reed.,pass,0,1,0,1,0,0,0,J.Love,NA,J.Reed,NA,NA,NA,short,left,4,NA,0,0,0,1,0,0,1,0,0:38,0,0,0,-15,0,0,0,0,0,NA,NA,NA,NA,NA,NA,NA,NA,NA,NA,PUNT
GB,1,GB,3,10,2,MIN 36,GB 49,PUNT,4,25,GB 49,05:28,-15,"(5:28) 19-D.Whelan punts 49 yards to MIN 2, Center-42-M.Orzech. 4-M.Price ran ob at MIN 15 for 13 yards (58-I.McDuffie).",punt,0,0,0,0,0,0,0,NA,NA,NA,NA,NA,NA,NA,NA,NA,NA,0,0,0,0,0,0,0,0,0:38,0,0,0,-15,1,0,0,0,0,NA,NA,NA,NA,NA,NA,NA,NA,NA,NA,PUNT
GB,1,MIN,7,11,2,MIN 15,GB 39,TOUCHDOWN,1,10,MIN 15,05:18,85,(5:18) 11-C.Wentz sacked at MIN 7 for -8 yards (sack split by 25-K.Nixon and 96-J.Ford).,pass,-8,0,0,1,0,0,0,C.Wentz,NA,NA,NA,NA,NA,NA,NA,NA,NA,0,0,0,0,0,0,0,0,3:23,4,0,1,20,0,0,0,0,0,NA,NA,K.Nixon,NA,NA,NA,K.Nixon,J.Ford,NA,NA,PUNT
GB,1,MIN,7,11,2,MIN 15,GB 39,TOUCHDOWN,2,18,MIN 7,04:36,85,"(4:36) (Shotgun) PENALTY on GB-57-B.Cox, Neutral Zone Infraction, 5 yards, enforced at MIN 7 - No Play.",no_play,0,1,0,0,0,0,0,NA,NA,NA,NA,NA,NA,NA,NA,NA,NA,0,0,0,0,0,0,0,0,3:23,4,0,1,20,0,0,0,0,0,NA,NA,NA,NA,NA,NA,NA,NA,NA,Neutral Zone Infraction,PUNT
GB,1,MIN,7,11,2,MIN 15,GB 39,TOUCHDOWN,2,13,MIN 12,04:14,85,(4:14) (Shotgun) 11-C.Wentz pass short middle to 87-T.Hockenson to MIN 17 for 5 yards (44-Z.Franklin).,pass,5,1,0,1,0,0,0,C.Wentz,5,T.Hockenson,5,NA,NA,short,middle,4,1,0,0,0,0,0,0,0,0,3:23,4,0,1,20,0,0,0,0,0,NA,NA,NA,NA,NA,NA,NA,NA,NA,NA,PUNT
GB,1,MIN,7,11,2,MIN 15,GB 39,TOUCHDOWN,3,8,MIN 17,03:43,85,"(3:43) (No Huddle, Shotgun) 11-C.Wentz pass short middle to 18-J.Jefferson to MIN 34 for 17 yards (33-E.Williams). PENALTY on GB-33-E.Williams, Unnecessary Roughness, 15 yards, enforced at MIN 34.",pass,17,1,1,1,0,0,0,C.Wentz,17,J.Jefferson,17,NA,NA,short,middle,15,2,0,1,1,0,0,0,0,0,3:23,4,0,1,20,0,0,0,0,0,NA,NA,NA,NA,NA,NA,NA,NA,NA,Unnecessary Roughness,PUNT
GB,1,MIN,7,11,2,MIN 15,GB 39,TOUCHDOWN,1,10,MIN 49,03:22,85,(3:22) 27-J.Mason right guard to GB 47 for 4 yards (94-K.Brooks; 44-Z.Franklin).,run,4,0,0,0,0,0,0,NA,NA,NA,NA,J.Mason,4,NA,NA,NA,NA,0,0,0,0,0,0,0,0,3:23,4,0,1,20,0,0,0,0,0,NA,NA,NA,NA,NA,NA,NA,NA,NA,NA,PUNT
GB,1,MIN,7,11,2,MIN 15,GB 39,TOUCHDOWN,2,6,GB 47,02:40,85,(2:40) (Shotgun) 11-C.Wentz pass incomplete short right to 84-J.Oliver.,pass,0,1,0,1,0,0,0,C.Wentz,NA,J.Oliver,NA,NA,NA,short,right,-4,NA,0,0,0,0,0,0,1,0,3:23,4,0,1,20,0,0,0,0,0,NA,NA,NA,NA,NA,NA,NA,NA,NA,NA,PUNT
GB,1,MIN,7,11,2,MIN 15,GB 39,TOUCHDOWN,3,6,GB 47,02:37,85,(2:37) (Shotgun) 11-C.Wentz pass short middle to 87-T.Hockenson to GB 39 for 8 yards (33-E.Williams).,pass,8,1,0,1,0,0,0,C.Wentz,8,T.Hockenson,8,NA,NA,short,middle,8,0,0,1,1,0,0,0,0,0,3:23,4,0,1,20,0,0,0,0,0,NA,NA,NA,NA,NA,NA,NA,NA,NA,NA,PUNT
GB,1,MIN,7,11,2,MIN 15,GB 39,TOUCHDOWN,1,10,GB 39,02:02,85,"(2:02) (No Huddle, Shotgun) 11-C.Wentz pass deep left to 18-J.Jefferson for 39 yards, TOUCHDOWN. Penalty on GB-90-L.Van Ness, Defensive Offside, declined.",pass,39,1,1,1,0,0,0,C.Wentz,39,J.Jefferson,39,NA,NA,deep,left,39,0,0,1,0,0,0,0,0,0,3:23,4,0,1,20,0,0,0,0,0,NA,NA,NA,NA,NA,NA,NA,NA,NA,NA,PUNT
GB,1,MIN,7,11,2,MIN 15,GB 39,TOUCHDOWN,NA,0,GB 15,01:55,85,"16-W.Reichard extra point is GOOD, Center-42-A.DePaola, Holder-19-B.Thorson.",extra_point,0,0,0,0,0,0,0,NA,NA,NA,NA,NA,NA,NA,NA,NA,NA,0,0,0,0,0,0,0,0,3:23,4,0,1,20,0,0,0,0,0,NA,NA,NA,NA,NA,NA,NA,NA,NA,NA,PUNT
GB,1,GB,7,12,2,GB 26,MIN 2,TOUCHDOWN,NA,0,MIN 35,01:55,74,16-W.Reichard kicks 63 yards from MIN 35 to GB 2. 16-B.Melton to GB 26 for 24 yards (31-D.Dallas).,kickoff,0,0,0,0,0,0,0,NA,NA,NA,NA,NA,NA,NA,NA,NA,NA,0,0,0,0,0,0,0,0,1:41,4,1,1,0,0,0,0,0,0,NA,NA,NA,NA,NA,NA,NA,NA,NA,NA,KICKOFF
GB,1,GB,7,12,2,GB 26,MIN 2,TOUCHDOWN,1,10,GB 26,01:49,74,(1:49) (Shotgun) 30-C.Brooks left guard to GB 28 for 2 yards (50-L.Rodriguez).,run,2,1,0,0,0,0,0,NA,NA,NA,NA,C.Brooks,2,NA,NA,NA,NA,0,0,0,0,0,0,0,0,1:41,4,1,1,0,0,0,0,0,0,NA,NA,NA,NA,NA,NA,NA,NA,NA,NA,KICKOFF
GB,1,GB,7,12,2,GB 26,MIN 2,TOUCHDOWN,2,8,GB 28,01:19,74,"(1:19) (No Huddle, Shotgun) 10-J.Love pass short left to 85-T.Kraft to MIN 49 for 23 yards (7-B.Murphy).",pass,23,1,1,1,0,0,0,J.Love,23,T.Kraft,23,NA,NA,short,left,14,9,0,1,0,0,0,0,0,0,1:41,4,1,1,0,0,0,0,0,0,NA,NA,NA,NA,NA,NA,NA,NA,NA,NA,KICKOFF
GB,1,GB,7,12,2,GB 26,MIN 2,TOUCHDOWN,1,10,MIN 49,00:47,74,"(:47) (No Huddle, Shotgun) 10-J.Love pass incomplete deep right to 9-C.Watson [22-H.Smith].",pass,0,1,1,1,0,0,0,J.Love,NA,C.Watson,NA,NA,NA,deep,right,42,NA,0,0,0,0,0,0,1,0,1:41,4,1,1,0,0,0,0,0,0,NA,NA,H.Smith,NA,NA,NA,NA,NA,NA,NA,KICKOFF
GB,1,GB,7,12,2,GB 26,MIN 2,TOUCHDOWN,2,10,MIN 49,00:41,74,(:41) (Shotgun) 10-J.Love pass short left to 16-B.Melton ran ob at MIN 39 for 10 yards [15-D.Turner].,pass,10,1,0,1,0,0,0,J.Love,10,B.Melton,10,NA,NA,short,left,10,0,0,1,0,0,0,0,0,0,1:41,4,1,1,0,0,0,0,0,0,NA,NA,D.Turner,NA,NA,NA,NA,NA,NA,NA,KICKOFF
GB,1,GB,7,12,2,GB 26,MIN 2,TOUCHDOWN,1,10,MIN 39,00:36,74,"(:36) (Shotgun) 10-J.Love pass deep left to 9-C.Watson to MIN 7 for 32 yards (7-B.Murphy). Penalty on MIN-7-B.Murphy, Defensive Pass Interference, declined.",pass,32,1,0,1,0,0,0,J.Love,32,C.Watson,32,NA,NA,deep,left,32,0,0,1,0,0,0,0,0,0,1:41,4,1,1,0,0,0,0,0,0,NA,NA,NA,NA,NA,NA,NA,NA,NA,NA,KICKOFF
GB,1,GB,7,12,2,GB 26,MIN 2,TOUCHDOWN,1,7,MIN 7,00:30,74,(:30) (Shotgun) 30-C.Brooks right guard to MIN 2 for 5 yards (51-B.Cashman).,run,5,1,0,0,0,0,0,NA,NA,NA,NA,C.Brooks,5,NA,NA,NA,NA,1,0,0,0,0,0,0,0,1:41,4,1,1,0,0,0,0,0,0,NA,NA,NA,NA,NA,NA,NA,NA,NA,NA,KICKOFF
GB,1,NA,7,12,2,GB 26,MIN 2,TOUCHDOWN,NA,0,MIN 2,00:18,74,Timeout #1 by GB at 00:18.,no_play,0,0,0,0,0,0,0,NA,NA,NA,NA,NA,NA,NA,NA,NA,NA,0,0,0,0,0,0,0,0,1:41,4,1,1,0,0,0,0,0,0,NA,NA,NA,NA,NA,NA,NA,NA,NA,NA,KICKOFF
GB,1,GB,7,12,2,GB 26,MIN 2,TOUCHDOWN,2,2,MIN 2,00:18,74,"(:18) 10-J.Love pass short right to 9-C.Watson for 2 yards, TOUCHDOWN.",pass,2,0,0,1,0,0,0,J.Love,2,C.Watson,2,NA,NA,short,right,2,0,1,1,0,0,0,0,0,0,1:41,4,1,1,0,0,0,0,0,0,NA,NA,NA,NA,NA,NA,NA,NA,NA,NA,KICKOFF
GB,1,GB,7,12,2,GB 26,MIN 2,TOUCHDOWN,NA,0,MIN 15,00:14,74,"28-T.Smack extra point is GOOD, Center-42-M.Orzech, Holder-19-D.Whelan.",extra_point,0,0,0,0,0,0,0,NA,NA,NA,NA,NA,NA,NA,NA,NA,NA,0,0,0,0,0,0,0,0,1:41,4,1,1,0,0,0,0,0,0,NA,NA,NA,NA,NA,NA,NA,NA,NA,NA,KICKOFF
GB,1,MIN,1,13,2,MIN 32,MIN 32,END_HALF,NA,0,GB 35,00:14,-1,28-T.Smack kicks 55 yards from GB 35 to MIN 10. 4-M.Price to MIN 32 for 22 yards (58-I.McDuffie; 31-N.Niemann).,kickoff,0,0,0,0,0,0,0,NA,NA,NA,NA,NA,NA,NA,NA,NA,NA,0,0,0,0,0,0,0,0,0:14,0,0,0,0,0,0,0,0,0,NA,NA,NA,NA,NA,NA,NA,NA,NA,NA,KICKOFF
GB,1,MIN,1,13,2,MIN 32,MIN 32,END_HALF,1,10,MIN 32,00:09,-1,(:09) 11-C.Wentz kneels to MIN 31 for -1 yards.,qb_kneel,-1,0,0,0,1,0,0,NA,NA,NA,NA,C.Wentz,-1,NA,NA,NA,NA,0,0,0,0,0,0,0,0,0:14,0,0,0,0,0,0,0,0,0,NA,NA,NA,NA,NA,NA,NA,NA,NA,NA,KICKOFF
GB,1,NA,1,13,2,MIN 32,MIN 32,END_HALF,NA,0,MIN 35,00:00,-1,END QUARTER 2,NA,NA,0,0,NA,0,0,0,NA,NA,NA,NA,NA,NA,NA,NA,NA,NA,0,NA,NA,NA,NA,NA,NA,NA,0:14,0,0,0,0,NA,NA,NA,NA,NA,NA,NA,NA,NA,NA,NA,NA,NA,NA,NA,KICKOFF
GB,1,GB,5,14,3,GB 14,GB 38,PUNT,NA,0,MIN 35,15:00,24,"16-W.Reichard kicks 63 yards from MIN 35 to GB 2. 16-B.Melton to GB 24 for 22 yards (29-Jac.Thomas). PENALTY on GB-51-D.Dennis-Sutton, Offensive Holding, 10 yards, enforced at GB 24.",kickoff,0,0,0,0,0,0,0,NA,NA,NA,NA,NA,NA,NA,NA,NA,NA,0,0,0,0,0,0,0,0,2:57,2,0,0,0,0,0,0,0,0,NA,NA,NA,NA,NA,NA,NA,NA,NA,Offensive Holding,KICKOFF
GB,1,GB,5,14,3,GB 14,GB 38,PUNT,1,10,GB 14,14:54,24,(14:54) (Shotgun) 32-M.Lloyd left end to GB 26 for 12 yards (26-T.Jackson).,run,12,1,0,0,0,0,0,NA,NA,NA,NA,M.Lloyd,12,NA,NA,NA,NA,0,0,0,0,0,0,0,0,2:57,2,0,0,0,0,0,0,0,0,NA,NA,NA,NA,NA,NA,NA,NA,NA,NA,KICKOFF
GB,1,GB,5,14,3,GB 14,GB 38,PUNT,1,10,GB 26,14:13,24,(14:13) 10-J.Love pass short left to 85-T.Kraft to GB 38 for 12 yards (7-B.Murphy).,pass,12,0,0,1,0,0,0,J.Love,12,T.Kraft,12,NA,NA,short,left,11,1,0,1,0,0,0,0,0,0,2:57,2,0,0,0,0,0,0,0,0,NA,NA,NA,NA,NA,NA,NA,NA,NA,NA,KICKOFF
GB,1,GB,5,14,3,GB 14,GB 38,PUNT,1,10,GB 38,13:33,24,"(13:33) 30-C.Brooks up the middle to GB 37 for -1 yards (51-B.Cashman, 61-J.Redmond).",run,-1,0,0,0,0,0,0,NA,NA,NA,NA,C.Brooks,-1,NA,NA,NA,NA,0,0,0,0,0,0,0,0,2:57,2,0,0,0,0,0,0,0,0,B.Cashman,NA,NA,NA,NA,NA,NA,NA,NA,NA,KICKOFF
GB,1,GB,5,14,3,GB 14,GB 38,PUNT,2,11,GB 37,12:47,24,(12:47) 10-J.Love pass incomplete deep right.,pass,0,0,0,1,0,0,0,J.Love,NA,NA,NA,NA,NA,deep,right,24,NA,0,0,0,0,0,0,1,0,2:57,2,0,0,0,0,0,0,0,0,NA,NA,NA,NA,NA,NA,NA,NA,NA,NA,KICKOFF
GB,1,GB,5,14,3,GB 14,GB 38,PUNT,3,11,GB 37,12:41,24,(12:41) (Shotgun) 30-C.Brooks left end to GB 38 for 1 yard (15-D.Turner).,run,1,1,0,0,0,0,0,NA,NA,NA,NA,C.Brooks,1,NA,NA,NA,NA,0,0,0,1,0,0,0,0,2:57,2,0,0,0,0,0,0,0,0,NA,NA,NA,NA,NA,NA,NA,NA,NA,NA,KICKOFF
GB,1,GB,5,14,3,GB 14,GB 38,PUNT,4,10,GB 38,12:09,24,"(12:09) 19-D.Whelan punts 22 yards to MIN 40, Center-42-M.Orzech, out of bounds.",punt,0,0,0,0,0,0,0,NA,NA,NA,NA,NA,NA,NA,NA,NA,NA,0,0,0,0,0,0,0,0,2:57,2,0,0,0,0,0,1,0,0,NA,NA,NA,NA,NA,NA,NA,NA,NA,NA,KICKOFF
GB,1,MIN,3,15,3,MIN 40,MIN 44,PUNT,1,10,MIN 40,12:03,4,(12:03) 11-C.Wentz pass incomplete short right to 84-J.Oliver [25-K.Nixon].,pass,0,0,0,1,0,0,0,C.Wentz,NA,J.Oliver,NA,NA,NA,short,right,0,NA,0,0,0,0,0,0,1,0,1:08,0,0,0,0,0,0,0,0,0,NA,NA,K.Nixon,NA,NA,NA,NA,NA,NA,NA,PUNT
GB,1,MIN,3,15,3,MIN 40,MIN 44,PUNT,2,10,MIN 40,12:00,4,(12:00) 33-A.Jones up the middle to MIN 44 for 4 yards (99-B.Sorrell).,run,4,0,0,0,0,0,0,NA,NA,NA,NA,A.Jones,4,NA,NA,NA,NA,0,0,0,0,0,0,0,0,1:08,0,0,0,0,0,0,0,0,0,NA,NA,NA,NA,NA,NA,NA,NA,NA,NA,PUNT
GB,1,MIN,3,15,3,MIN 40,MIN 44,PUNT,3,6,MIN 44,11:13,4,(11:13) (Shotgun) 11-C.Wentz pass incomplete deep right to 3-J.Addison.,pass,0,1,0,1,0,0,0,C.Wentz,NA,J.Addison,NA,NA,NA,deep,right,16,NA,0,0,0,1,0,0,1,0,1:08,0,0,0,0,0,0,0,0,0,NA,NA,NA,NA,NA,NA,NA,NA,NA,NA,PUNT
GB,1,MIN,3,15,3,MIN 40,MIN 44,PUNT,4,6,MIN 44,11:07,4,"(11:07) 19-B.Thorson punts 48 yards to GB 8, Center-42-A.DePaola. 23-S.Moore pushed ob at GB 13 for 5 yards (41-J.Golday). ** Injury Update: GB-81-J.Whyle has returned to the game.",punt,0,0,0,0,0,0,0,NA,NA,NA,NA,NA,NA,NA,NA,NA,NA,0,0,0,0,0,0,0,0,1:08,0,0,0,0,1,0,0,0,0,NA,NA,NA,NA,NA,NA,NA,NA,NA,NA,PUNT
GB,1,GB,12,16,3,GB 13,MIN 8,FIELD_GOAL,1,10,GB 13,10:55,79,(10:55) 71-A.Belton reported in as eligible. 10-J.Love pass short right to 0-M.Golden ran ob at GB 26 for 13 yards [15-D.Turner].,pass,13,0,0,1,0,0,0,J.Love,13,M.Golden,13,NA,NA,short,right,13,0,0,1,0,0,0,0,0,0,5:46,4,1,1,0,0,0,0,0,0,NA,NA,D.Turner,NA,NA,NA,NA,NA,NA,NA,PUNT
GB,1,GB,12,16,3,GB 13,MIN 8,FIELD_GOAL,1,10,GB 26,10:26,79,(10:26) (Shotgun) 32-M.Lloyd right guard to GB 32 for 6 yards (17-K.Van Noy).,run,6,1,0,0,0,0,0,NA,NA,NA,NA,M.Lloyd,6,NA,NA,NA,NA,0,0,0,0,0,0,0,0,5:46,4,1,1,0,0,0,0,0,0,NA,NA,NA,NA,NA,NA,NA,NA,NA,NA,PUNT
GB,1,GB,12,16,3,GB 13,MIN 8,FIELD_GOAL,2,4,GB 32,09:49,79,(9:49) 32-M.Lloyd right tackle to GB 36 for 4 yards (55-E.Wilson).,run,4,0,0,0,0,0,0,NA,NA,NA,NA,M.Lloyd,4,NA,NA,NA,NA,0,0,0,0,0,0,0,0,5:46,4,1,1,0,0,0,0,0,0,NA,NA,NA,NA,NA,NA,NA,NA,NA,NA,PUNT
GB,1,GB,12,16,3,GB 13,MIN 8,FIELD_GOAL,1,10,GB 36,09:05,79,(9:05) 32-M.Lloyd left end to GB 37 for 1 yard (43-A.Van Ginkel).,run,1,0,0,0,0,0,0,NA,NA,NA,NA,M.Lloyd,1,NA,NA,NA,NA,0,0,0,0,0,0,0,0,5:46,4,1,1,0,0,0,0,0,0,NA,NA,NA,NA,NA,NA,NA,NA,NA,NA,PUNT
GB,1,GB,12,16,3,GB 13,MIN 8,FIELD_GOAL,2,9,GB 37,08:28,79,(8:28) 30-C.Brooks left end to GB 42 for 5 yards (7-B.Murphy).,run,5,0,0,0,0,0,0,NA,NA,NA,NA,C.Brooks,5,NA,NA,NA,NA,0,0,0,0,0,0,0,0,5:46,4,1,1,0,0,0,0,0,0,NA,NA,NA,NA,NA,NA,NA,NA,NA,NA,PUNT
GB,1,GB,12,16,3,GB 13,MIN 8,FIELD_GOAL,3,4,GB 42,08:03,79,"(8:03) (No Huddle, Shotgun) 10-J.Love pass short left to 11-J.Reed to GB 48 for 6 yards (7-B.Murphy).",pass,6,1,1,1,0,0,0,J.Love,6,J.Reed,6,NA,NA,short,left,6,0,0,1,1,0,0,0,0,0,5:46,4,1,1,0,0,0,0,0,0,NA,NA,NA,NA,NA,NA,NA,NA,NA,NA,PUNT
GB,1,GB,12,16,3,GB 13,MIN 8,FIELD_GOAL,1,10,GB 48,07:23,79,(7:23) 32-M.Lloyd left tackle to 50 for 2 yards (51-B.Cashman).,run,2,0,0,0,0,0,0,NA,NA,NA,NA,M.Lloyd,2,NA,NA,NA,NA,0,0,0,0,0,0,0,0,5:46,4,1,1,0,0,0,0,0,0,NA,NA,NA,NA,NA,NA,NA,NA,NA,NA,PUNT
GB,1,GB,12,16,3,GB 13,MIN 8,FIELD_GOAL,2,8,MID 50,06:47,79,(6:47) 10-J.Love pass deep right to 18-J.Smith to MIN 7 for 43 yards (2-I.Rodgers).,pass,43,0,0,1,0,0,0,J.Love,43,J.Smith,43,NA,NA,deep,right,19,24,0,1,0,0,0,0,0,0,5:46,4,1,1,0,0,0,0,0,0,NA,NA,NA,NA,NA,NA,NA,NA,NA,NA,PUNT
GB,1,GB,12,16,3,GB 13,MIN 8,FIELD_GOAL,1,7,MIN 7,05:59,79,"(5:59) 32-M.Lloyd left tackle to MIN 8 for -1 yards (90-T.Ingram-Dawkins, 50-L.Rodriguez).",run,-1,0,0,0,0,0,0,NA,NA,NA,NA,M.Lloyd,-1,NA,NA,NA,NA,1,0,0,0,0,0,0,0,5:46,4,1,1,0,0,0,0,0,0,T.Ingram-Dawkins,NA,NA,NA,NA,NA,NA,NA,NA,NA,PUNT
GB,1,GB,12,16,3,GB 13,MIN 8,FIELD_GOAL,2,8,MIN 8,05:20,79,(5:20) (Shotgun) 10-J.Love pass incomplete short left to 0-M.Golden.,pass,0,1,0,1,0,0,0,J.Love,NA,M.Golden,NA,NA,NA,short,left,8,NA,1,0,0,0,0,0,1,0,5:46,4,1,1,0,0,0,0,0,0,NA,NA,NA,NA,NA,NA,NA,NA,NA,NA,PUNT
GB,1,NA,12,16,3,GB 13,MIN 8,FIELD_GOAL,NA,0,MIN 8,05:15,79,Timeout #1 by MIN at 05:15.,no_play,0,0,0,0,0,0,0,NA,NA,NA,NA,NA,NA,NA,NA,NA,NA,0,0,0,0,0,0,0,0,5:46,4,1,1,0,0,0,0,0,0,NA,NA,NA,NA,NA,NA,NA,NA,NA,NA,PUNT
GB,1,GB,12,16,3,GB 13,MIN 8,FIELD_GOAL,3,8,MIN 8,05:15,79,(5:15) (Shotgun) 10-J.Love pass incomplete short right to 11-J.Reed [51-B.Cashman].,pass,0,1,0,1,0,0,0,J.Love,NA,J.Reed,NA,NA,NA,short,right,4,NA,1,0,0,1,0,0,1,0,5:46,4,1,1,0,0,0,0,0,0,NA,NA,B.Cashman,NA,NA,NA,NA,NA,NA,NA,PUNT
GB,1,GB,12,16,3,GB 13,MIN 8,FIELD_GOAL,4,8,MIN 8,05:12,79,"(5:12) 28-T.Smack 26 yard field goal is GOOD, Center-42-M.Orzech, Holder-19-D.Whelan.",field_goal,0,0,0,0,0,0,0,NA,NA,NA,NA,NA,NA,NA,NA,NA,NA,1,0,0,0,0,0,0,0,5:46,4,1,1,0,0,0,0,0,0,NA,NA,NA,NA,NA,NA,NA,NA,NA,NA,PUNT
GB,1,MIN,6,17,3,GB 28,GB 16,TOUCHDOWN,NA,0,GB 35,05:09,28,28-T.Smack kicks 61 yards from GB 35 to MIN 4. 4-M.Price to GB 28 for 68 yards (54-K.Welch).,kickoff,0,0,0,0,0,0,0,NA,NA,NA,NA,NA,NA,NA,NA,NA,NA,0,0,0,0,0,0,0,0,3:01,2,1,1,0,0,0,0,0,0,NA,NA,NA,NA,NA,NA,NA,NA,NA,NA,KICKOFF
GB,1,MIN,6,17,3,GB 28,GB 16,TOUCHDOWN,1,10,GB 28,04:59,28,(4:59) (Shotgun) 11-C.Wentz pass short middle to 84-J.Oliver to GB 19 for 9 yards (56-E.Cooper).,pass,9,1,0,1,0,0,0,C.Wentz,9,J.Oliver,9,NA,NA,short,middle,4,5,0,0,0,0,0,0,0,0,3:01,2,1,1,0,0,0,0,0,0,NA,NA,NA,NA,NA,NA,NA,NA,NA,NA,KICKOFF
GB,1,MIN,6,17,3,GB 28,GB 16,TOUCHDOWN,2,1,GB 19,04:23,28,(4:23) 27-J.Mason up the middle to GB 19 for no gain (56-E.Cooper).,run,0,0,0,0,0,0,0,NA,NA,NA,NA,J.Mason,0,NA,NA,NA,NA,0,0,0,0,0,0,0,0,3:01,2,1,1,0,0,0,0,0,0,NA,NA,NA,NA,NA,NA,NA,NA,NA,NA,KICKOFF
GB,1,MIN,6,17,3,GB 28,GB 16,TOUCHDOWN,3,1,GB 19,03:42,28,(3:42) 33-A.Jones left guard to GB 18 for 1 yard (56-E.Cooper).,run,1,0,0,0,0,0,0,NA,NA,NA,NA,A.Jones,1,NA,NA,NA,NA,0,0,1,0,0,0,0,0,3:01,2,1,1,0,0,0,0,0,0,NA,NA,NA,NA,NA,NA,NA,NA,NA,NA,KICKOFF
GB,1,MIN,6,17,3,GB 28,GB 16,TOUCHDOWN,1,10,GB 18,02:58,28,(2:58) (Shotgun) 11-C.Wentz pass incomplete short left to 87-T.Hockenson (2-B.Cisse).,pass,0,1,0,1,0,0,0,C.Wentz,NA,T.Hockenson,NA,NA,NA,short,left,-6,NA,0,0,0,0,0,0,1,0,3:01,2,1,1,0,0,0,0,0,0,NA,NA,NA,B.Cisse,NA,NA,NA,NA,NA,NA,KICKOFF
GB,1,MIN,6,17,3,GB 28,GB 16,TOUCHDOWN,2,10,GB 18,02:53,28,(2:53) 33-A.Jones right guard to GB 16 for 2 yards (98-J.Hargrave).,run,2,0,0,0,0,0,0,NA,NA,NA,NA,A.Jones,2,NA,NA,NA,NA,0,0,0,0,0,0,0,0,3:01,2,1,1,0,0,0,0,0,0,NA,NA,NA,NA,NA,NA,NA,NA,NA,NA,KICKOFF
GB,1,MIN,6,17,3,GB 28,GB 16,TOUCHDOWN,3,8,GB 16,02:11,28,"(2:11) (Shotgun) 11-C.Wentz pass deep middle to 87-T.Hockenson for 16 yards, TOUCHDOWN.",pass,16,1,0,1,0,0,0,C.Wentz,16,T.Hockenson,16,NA,NA,deep,middle,16,0,0,1,1,0,0,0,0,0,3:01,2,1,1,0,0,0,0,0,0,NA,NA,NA,NA,NA,NA,NA,NA,NA,NA,KICKOFF
GB,1,MIN,6,17,3,GB 28,GB 16,TOUCHDOWN,NA,0,GB 15,02:08,28,"16-W.Reichard extra point is GOOD, Center-42-A.DePaola, Holder-19-B.Thorson.",extra_point,0,0,0,0,0,0,0,NA,NA,NA,NA,NA,NA,NA,NA,NA,NA,0,0,0,0,0,0,0,0,3:01,2,1,1,0,0,0,0,0,0,NA,NA,NA,NA,NA,NA,NA,NA,NA,NA,KICKOFF
GB,1,GB,8,18,3,GB 29,MIN 17,DOWNS,NA,0,MIN 35,02:08,54,16-W.Reichard kicks 61 yards from MIN 35 to GB 4. 26-K.Johnson to GB 29 for 25 yards (0-I.Pace).,kickoff,0,0,0,0,0,0,0,NA,NA,NA,NA,NA,NA,NA,NA,NA,NA,0,0,0,0,0,0,0,0,3:57,2,1,0,5,0,0,0,0,0,NA,NA,NA,NA,NA,NA,NA,NA,NA,NA,KICKOFF
GB,1,GB,8,18,3,GB 29,MIN 17,DOWNS,1,10,GB 29,02:04,54,(2:04) (Shotgun) 32-M.Lloyd left end to GB 35 for 6 yards (7-B.Murphy; 51-B.Cashman).,run,6,1,0,0,0,0,0,NA,NA,NA,NA,M.Lloyd,6,NA,NA,NA,NA,0,0,0,0,0,0,0,0,3:57,2,1,0,5,0,0,0,0,0,NA,NA,NA,NA,NA,NA,NA,NA,NA,NA,KICKOFF
GB,1,GB,8,18,3,GB 29,MIN 17,DOWNS,2,4,GB 35,01:24,54,(1:24) 10-J.Love pass short right to 0-M.Golden to GB 42 for 7 yards (61-J.Redmond).,pass,7,0,0,1,0,0,0,J.Love,7,M.Golden,7,NA,NA,short,right,1,6,0,1,0,0,0,0,0,0,3:57,2,1,0,5,0,0,0,0,0,NA,NA,NA,NA,NA,NA,NA,NA,NA,NA,KICKOFF
GB,1,GB,8,18,3,GB 29,MIN 17,DOWNS,1,10,GB 42,00:42,54,(:42) 10-J.Love sacked at GB 32 for -10 yards (50-L.Rodriguez).,pass,-10,0,0,1,0,0,0,J.Love,NA,NA,NA,NA,NA,NA,NA,NA,NA,0,0,0,0,0,0,0,0,3:57,2,1,0,5,0,0,0,0,0,L.Rodriguez,NA,L.Rodriguez,NA,NA,L.Rodriguez,NA,NA,NA,NA,KICKOFF
GB,1,GB,8,18,3,GB 29,MIN 17,DOWNS,NA,0,GB 32,00:00,54,END QUARTER 3,NA,NA,0,0,NA,0,0,0,NA,NA,NA,NA,NA,NA,NA,NA,NA,NA,0,NA,NA,NA,NA,NA,NA,NA,3:57,2,1,0,5,NA,NA,NA,NA,NA,NA,NA,NA,NA,NA,NA,NA,NA,NA,NA,KICKOFF
GB,1,GB,8,18,4,GB 29,MIN 17,DOWNS,2,20,GB 32,15:00,54,(15:00) (Shotgun) 10-J.Love pass deep middle to 0-M.Golden to MIN 26 for 42 yards (44-J.Metellus).,pass,42,1,0,1,0,0,0,J.Love,42,M.Golden,42,NA,NA,deep,middle,20,22,0,1,0,0,0,0,0,0,3:57,2,1,0,5,0,0,0,0,0,NA,NA,NA,NA,NA,NA,NA,NA,NA,NA,KICKOFF
GB,1,GB,8,18,4,GB 29,MIN 17,DOWNS,1,10,MIN 26,14:12,54,(14:12) 71-A.Belton reported in as eligible. 32-M.Lloyd left tackle to MIN 22 for 4 yards (51-B.Cashman).,run,4,0,0,0,0,0,0,NA,NA,NA,NA,M.Lloyd,4,NA,NA,NA,NA,0,0,0,0,0,0,0,0,3:57,2,1,0,5,0,0,0,0,0,NA,NA,NA,NA,NA,NA,NA,NA,NA,NA,KICKOFF
GB,1,GB,8,18,4,GB 29,MIN 17,DOWNS,2,6,MIN 22,13:32,54,(13:32) 10-J.Love pass incomplete short right to 85-T.Kraft.,pass,0,0,0,1,0,0,0,J.Love,NA,T.Kraft,NA,NA,NA,short,right,1,NA,0,0,0,0,0,0,1,0,3:57,2,1,0,5,0,0,0,0,0,NA,NA,NA,NA,NA,NA,NA,NA,NA,NA,KICKOFF
GB,1,GB,8,18,4,GB 29,MIN 17,DOWNS,3,6,MIN 22,13:25,54,(13:25) (Shotgun) 10-J.Love pass incomplete short middle to 0-M.Golden.,pass,0,1,0,1,0,0,0,J.Love,NA,M.Golden,NA,NA,NA,short,middle,9,NA,0,0,0,1,0,0,1,0,3:57,2,1,0,5,0,0,0,0,0,NA,NA,NA,NA,NA,NA,NA,NA,NA,NA,KICKOFF
GB,1,GB,8,18,4,GB 29,MIN 17,DOWNS,4,6,MIN 22,13:21,54,"(13:21) 28-T.Smack 40 yard field goal is GOOD, NULLIFIED by Penalty, Center-42-M.Orzech, Holder-19-D.Whelan. PENALTY on MIN-15-D.Turner, Defensive Offside, 5 yards, enforced at MIN 22 - No Play.",no_play,0,0,0,0,0,0,0,NA,NA,NA,NA,NA,NA,NA,NA,NA,NA,0,0,0,0,0,0,0,0,3:57,2,1,0,5,0,0,0,0,0,NA,NA,NA,NA,NA,NA,NA,NA,NA,Defensive Offside,KICKOFF
GB,1,GB,8,18,4,GB 29,MIN 17,DOWNS,4,1,MIN 17,13:17,54,(13:17) 10-J.Love right guard to MIN 17 for no gain (97-D.Orange). (Virtual Measurement).,run,0,0,0,0,0,0,0,NA,NA,NA,NA,J.Love,0,NA,NA,NA,NA,0,0,0,0,0,1,0,0,3:57,2,1,0,5,0,0,0,0,0,NA,NA,NA,NA,NA,NA,NA,NA,NA,NA,KICKOFF
GB,1,MIN,9,19,4,MIN 17,GB 3,TOUCHDOWN,1,10,MIN 17,13:11,83,"(13:11) PENALTY on GB-96-J.Ford, Encroachment, 5 yards, enforced at MIN 17 - No Play.",no_play,0,0,0,0,0,0,0,NA,NA,NA,NA,NA,NA,NA,NA,NA,NA,0,0,0,0,0,0,0,0,6:34,6,1,1,28,0,0,0,0,0,NA,NA,NA,NA,NA,NA,NA,NA,NA,Encroachment,DOWNS
GB,1,MIN,9,19,4,MIN 17,GB 3,TOUCHDOWN,1,5,MIN 22,13:11,83,(13:11) (Shotgun) 11-C.Wentz pass short left to 84-J.Oliver to MIN 35 for 13 yards (29-X.McKinney).,pass,13,1,0,1,0,0,0,C.Wentz,13,J.Oliver,13,NA,NA,short,left,13,0,0,1,0,0,0,0,0,0,6:34,6,1,1,28,0,0,0,0,0,NA,NA,NA,NA,NA,NA,NA,NA,NA,NA,DOWNS
GB,1,MIN,9,19,4,MIN 17,GB 3,TOUCHDOWN,1,10,MIN 35,12:29,83,(12:29) 33-A.Jones left tackle to MIN 40 for 5 yards (96-J.Ford).,run,5,0,0,0,0,0,0,NA,NA,NA,NA,A.Jones,5,NA,NA,NA,NA,0,0,0,0,0,0,0,0,6:34,6,1,1,28,0,0,0,0,0,NA,NA,NA,NA,NA,NA,NA,NA,NA,NA,DOWNS
GB,1,MIN,9,19,4,MIN 17,GB 3,TOUCHDOWN,2,5,MIN 40,11:45,83,(11:45) 11-C.Wentz sacked at MIN 34 for -6 yards (56-E.Cooper).,pass,-6,0,0,1,0,0,0,C.Wentz,NA,NA,NA,NA,NA,NA,NA,NA,NA,0,0,0,0,0,0,0,0,6:34,6,1,1,28,0,0,0,0,0,E.Cooper,NA,E.Cooper,NA,NA,E.Cooper,NA,NA,NA,NA,DOWNS
GB,1,MIN,9,19,4,MIN 17,GB 3,TOUCHDOWN,3,11,MIN 34,11:03,83,"(11:03) (Shotgun) 11-C.Wentz sacked at MIN 24 for -10 yards (sack split by 56-E.Cooper and 95-D.Wyatt). PENALTY on GB-7-J.Bullard, Illegal Contact, 5 yards, enforced at MIN 34 - No Play.",no_play,0,1,0,0,0,0,0,NA,NA,NA,NA,NA,NA,NA,NA,NA,NA,0,0,0,0,0,0,0,0,6:34,6,1,1,28,0,0,0,0,0,NA,NA,NA,NA,NA,NA,NA,NA,NA,Illegal Contact,DOWNS
GB,1,MIN,9,19,4,MIN 17,GB 3,TOUCHDOWN,1,10,MIN 39,10:42,83,(10:42) 27-J.Mason up the middle to MIN 44 for 5 yards (44-Z.Franklin).,run,5,0,0,0,0,0,0,NA,NA,NA,NA,J.Mason,5,NA,NA,NA,NA,0,0,0,0,0,0,0,0,6:34,6,1,1,28,0,0,0,0,0,NA,NA,NA,NA,NA,NA,NA,NA,NA,NA,DOWNS
GB,1,MIN,9,19,4,MIN 17,GB 3,TOUCHDOWN,2,5,MIN 44,10:01,83,(10:01) (Shotgun) 11-C.Wentz pass short right to 18-J.Jefferson to MIN 46 for 2 yards (25-K.Nixon; 56-E.Cooper).,pass,2,1,0,1,0,0,0,C.Wentz,2,J.Jefferson,2,NA,NA,short,right,-2,4,0,0,0,0,0,0,0,0,6:34,6,1,1,28,0,0,0,0,0,NA,NA,NA,NA,NA,NA,NA,NA,NA,NA,DOWNS
GB,1,MIN,9,19,4,MIN 17,GB 3,TOUCHDOWN,3,3,MIN 46,09:12,83,"(9:12) (Shotgun) 11-C.Wentz pass incomplete short middle to 87-T.Hockenson (55-C.McClellan). PENALTY on GB-55-C.McClellan, Roughing the Passer, 15 yards, enforced at MIN 46 - No Play.",no_play,0,1,0,0,0,0,0,NA,NA,NA,NA,NA,NA,NA,NA,NA,NA,0,0,0,0,0,0,0,0,6:34,6,1,1,28,0,0,0,0,0,NA,NA,NA,NA,NA,NA,NA,NA,NA,Roughing the Passer,DOWNS
GB,1,MIN,9,19,4,MIN 17,GB 3,TOUCHDOWN,1,10,GB 39,09:09,83,(9:09) 27-J.Mason left end to GB 11 for 28 yards (33-E.Williams).,run,28,0,0,0,0,0,0,NA,NA,NA,NA,J.Mason,28,NA,NA,NA,NA,0,0,0,0,0,0,0,0,6:34,6,1,1,28,0,0,0,0,0,NA,NA,NA,NA,NA,NA,NA,NA,NA,NA,DOWNS
GB,1,MIN,9,19,4,MIN 17,GB 3,TOUCHDOWN,1,10,GB 11,08:20,83,(8:20) 11-C.Wentz pass short right to 18-J.Jefferson to GB 6 for 5 yards (57-B.Cox).,pass,5,0,0,1,0,0,0,C.Wentz,5,J.Jefferson,5,NA,NA,short,right,-1,6,0,0,0,0,0,0,0,0,6:34,6,1,1,28,0,0,0,0,0,NA,NA,NA,NA,NA,NA,NA,NA,NA,NA,DOWNS
GB,1,MIN,9,19,4,MIN 17,GB 3,TOUCHDOWN,2,5,GB 6,07:36,83,(7:36) 27-J.Mason right guard to GB 6 for no gain (96-J.Ford).,run,0,0,0,0,0,0,0,NA,NA,NA,NA,J.Mason,0,NA,NA,NA,NA,0,0,0,0,0,0,0,0,6:34,6,1,1,28,0,0,0,0,0,NA,NA,NA,NA,NA,NA,NA,NA,NA,NA,DOWNS
GB,1,MIN,9,19,4,MIN 17,GB 3,TOUCHDOWN,3,5,GB 6,06:49,83,"(6:49) (Shotgun) 11-C.Wentz pass short middle intended for 3-J.Addison INTERCEPTED by 33-E.Williams [98-J.Hargrave] at GB -4. 33-E.Williams to GB 13 for 17 yards (33-A.Jones). PENALTY on GB-29-X.McKinney, Defensive Holding, 3 yards, enforced at GB 6 - No Play.",no_play,0,1,0,0,0,0,0,NA,NA,NA,NA,NA,NA,NA,NA,NA,NA,0,0,0,0,0,0,0,0,6:34,6,1,1,28,0,0,0,0,0,NA,NA,NA,NA,NA,NA,NA,NA,NA,Defensive Holding,DOWNS
GB,1,MIN,9,19,4,MIN 17,GB 3,TOUCHDOWN,1,3,GB 3,06:42,83,"(6:42) 33-A.Jones left end for 3 yards, TOUCHDOWN.",run,3,0,0,0,0,0,0,NA,NA,NA,NA,A.Jones,3,NA,NA,NA,NA,1,0,0,0,0,0,0,0,6:34,6,1,1,28,0,0,0,0,0,NA,NA,NA,NA,NA,NA,NA,NA,NA,NA,DOWNS
GB,1,MIN,9,19,4,MIN 17,GB 3,TOUCHDOWN,NA,0,GB 2,06:37,83,TWO-POINT CONVERSION ATTEMPT. 11-C.Wentz pass to 18-J.Jefferson is complete. ATTEMPT SUCCEEDS.,pass,2,0,0,1,0,0,0,C.Wentz,NA,J.Jefferson,NA,NA,NA,NA,NA,NA,NA,0,0,0,0,0,0,0,0,6:34,6,1,1,28,0,0,0,0,0,NA,NA,NA,NA,NA,NA,NA,NA,NA,NA,DOWNS
GB,1,GB,3,20,4,GB 30,GB 23,FUMBLE,NA,0,MIN 35,06:37,-22,16-W.Reichard kicks 62 yards from MIN 35 to GB 3. 26-K.Johnson to GB 30 for 27 yards (0-I.Pace).,kickoff,0,0,0,0,0,0,0,NA,NA,NA,NA,NA,NA,NA,NA,NA,NA,0,0,0,0,0,0,0,0,1:45,0,0,0,0,0,0,0,0,0,NA,NA,NA,NA,NA,NA,NA,NA,NA,NA,KICKOFF
GB,1,GB,3,20,4,GB 30,GB 23,FUMBLE,1,10,GB 30,06:33,-22,"(6:33) 32-M.Lloyd up the middle to GB 27 for -3 yards (51-B.Cashman, 90-T.Ingram-Dawkins).",run,-3,0,0,0,0,0,0,NA,NA,NA,NA,M.Lloyd,-3,NA,NA,NA,NA,0,0,0,0,0,0,0,0,1:45,0,0,0,0,0,0,0,0,0,B.Cashman,NA,NA,NA,NA,NA,NA,NA,NA,NA,KICKOFF
GB,1,GB,3,20,4,GB 30,GB 23,FUMBLE,2,13,GB 27,05:52,-22,"(5:52) (Shotgun) 10-J.Love sacked at GB 18 for -9 yards (15-D.Turner). FUMBLES (15-D.Turner) [15-D.Turner], recovered by GB-50-Z.Bako-Bewele at GB 16. 50-Z.Bako-Bewele to GB 23 for 7 yards (97-D.Orange).",pass,-4,1,0,1,0,0,0,J.Love,NA,NA,NA,NA,NA,NA,NA,NA,NA,0,0,0,0,0,0,0,0,1:45,0,0,0,0,0,0,0,0,0,D.Orange,NA,D.Turner,NA,J.Love,D.Turner,NA,NA,NA,NA,KICKOFF
GB,1,GB,3,20,4,GB 30,GB 23,FUMBLE,3,17,GB 23,05:01,-22,"(5:01) (Shotgun) 10-J.Love sacked at GB 11 for -12 yards (sack split by 43-A.Van Ginkel and 51-B.Cashman). FUMBLES (43-A.Van Ginkel) [51-B.Cashman], RECOVERED by MIN-43-A.Van Ginkel at GB 8. 43-A.Van Ginkel to GB 1 for 7 yards (50-Z.Bako-Bewele).",pass,-15,1,0,1,0,0,0,J.Love,NA,NA,NA,NA,NA,NA,NA,NA,NA,0,0,0,1,0,0,0,0,1:45,0,0,0,0,0,0,0,0,0,NA,NA,B.Cashman,NA,J.Love,NA,A.Van Ginkel,B.Cashman,NA,NA,KICKOFF
GB,1,MIN,1,21,4,GB 1,GB 1,TOUCHDOWN,1,1,GB 1,04:52,1,"(4:52) 27-J.Mason right guard for 1 yard, TOUCHDOWN. Penalty on GB-99-B.Sorrell, Defensive Offside, declined.",run,1,0,0,0,0,0,0,NA,NA,NA,NA,J.Mason,1,NA,NA,NA,NA,1,0,0,0,0,0,0,0,0:04,1,1,1,0,0,0,0,0,0,NA,NA,NA,NA,NA,NA,NA,NA,NA,NA,FUMBLE
GB,1,MIN,1,21,4,GB 1,GB 1,TOUCHDOWN,NA,0,GB 15,04:48,1,"16-W.Reichard extra point is GOOD, Center-42-A.DePaola, Holder-19-B.Thorson.",extra_point,0,0,0,0,0,0,0,NA,NA,NA,NA,NA,NA,NA,NA,NA,NA,0,0,0,0,0,0,0,0,0:04,1,1,1,0,0,0,0,0,0,NA,NA,NA,NA,NA,NA,NA,NA,NA,NA,FUMBLE
GB,1,GB,2,22,4,GB 25,GB 32,INTERCEPTION,NA,0,MIN 35,04:48,7,16-W.Reichard kicks 59 yards from MIN 35 to GB 6. 16-B.Melton to GB 25 for 19 yards (29-Jac.Thomas). ** Injury Update: GB-16-B.Melton has returned to the game.,kickoff,0,0,0,0,0,0,0,NA,NA,NA,NA,NA,NA,NA,NA,NA,NA,0,0,0,0,0,0,0,0,0:35,0,0,0,0,0,0,0,0,0,NA,NA,NA,NA,NA,NA,NA,NA,NA,NA,KICKOFF
GB,1,GB,2,22,4,GB 25,GB 32,INTERCEPTION,1,10,GB 25,04:44,7,(4:44) (Shotgun) 10-J.Love pass short middle to 11-J.Reed to GB 32 for 7 yards (23-J.Pierre).,pass,7,1,0,1,0,0,0,J.Love,7,J.Reed,7,NA,NA,short,middle,5,2,0,0,0,0,0,0,0,0,0:35,0,0,0,0,0,0,0,0,0,NA,NA,NA,NA,NA,NA,NA,NA,NA,NA,KICKOFF
GB,1,GB,2,22,4,GB 25,GB 32,INTERCEPTION,2,3,GB 32,04:21,7,"(4:21) (No Huddle, Shotgun) 10-J.Love pass short middle intended for 9-C.Watson INTERCEPTED by 23-J.Pierre (22-H.Smith) at GB 42. 23-J.Pierre pushed ob at GB 14 for 28 yards (10-J.Love).",pass,0,1,1,1,0,0,0,J.Love,NA,C.Watson,NA,NA,NA,short,middle,10,NA,0,0,0,0,0,0,0,1,0:35,0,0,0,0,0,0,0,0,0,NA,NA,NA,H.Smith,NA,NA,NA,NA,NA,NA,KICKOFF
GB,1,MIN,3,23,4,GB 14,GB 9,TOUCHDOWN,1,10,GB 14,04:13,14,(4:13) 33-A.Jones up the middle to GB 12 for 2 yards (29-X.McKinney).,run,2,0,0,0,0,0,0,NA,NA,NA,NA,A.Jones,2,NA,NA,NA,NA,0,0,0,0,0,0,0,0,0:18,1,1,1,0,0,0,0,0,0,NA,NA,NA,NA,NA,NA,NA,NA,NA,NA,INTERCEPTION
GB,1,NA,3,23,4,GB 14,GB 9,TOUCHDOWN,NA,0,GB 12,04:09,14,Timeout #1 by GB at 04:09.,no_play,0,0,0,0,0,0,0,NA,NA,NA,NA,NA,NA,NA,NA,NA,NA,0,0,0,0,0,0,0,0,0:18,1,1,1,0,0,0,0,0,0,NA,NA,NA,NA,NA,NA,NA,NA,NA,NA,INTERCEPTION
GB,1,MIN,3,23,4,GB 14,GB 9,TOUCHDOWN,2,8,GB 12,04:09,14,(4:09) 27-J.Mason left end to GB 9 for 3 yards (94-K.Brooks; 33-E.Williams).,run,3,0,0,0,0,0,0,NA,NA,NA,NA,J.Mason,3,NA,NA,NA,NA,0,0,0,0,0,0,0,0,0:18,1,1,1,0,0,0,0,0,0,NA,NA,NA,NA,NA,NA,NA,NA,NA,NA,INTERCEPTION
GB,1,NA,3,23,4,GB 14,GB 9,TOUCHDOWN,NA,0,GB 9,04:03,14,Timeout #2 by GB at 04:03.,no_play,0,0,0,0,0,0,0,NA,NA,NA,NA,NA,NA,NA,NA,NA,NA,0,0,0,0,0,0,0,0,0:18,1,1,1,0,0,0,0,0,0,NA,NA,NA,NA,NA,NA,NA,NA,NA,NA,INTERCEPTION
GB,1,MIN,3,23,4,GB 14,GB 9,TOUCHDOWN,3,5,GB 9,04:03,14,"(4:03) 11-C.Wentz pass short right to 18-J.Jefferson for 9 yards, TOUCHDOWN.",pass,9,0,0,1,0,0,0,C.Wentz,9,J.Jefferson,9,NA,NA,short,right,-2,11,0,1,1,0,0,0,0,0,0:18,1,1,1,0,0,0,0,0,0,NA,NA,NA,NA,NA,NA,NA,NA,NA,NA,INTERCEPTION
GB,1,MIN,3,23,4,GB 14,GB 9,TOUCHDOWN,NA,0,GB 15,03:55,14,"16-W.Reichard extra point is GOOD, Center-42-A.DePaola, Holder-19-B.Thorson.",extra_point,0,0,0,0,0,0,0,NA,NA,NA,NA,NA,NA,NA,NA,NA,NA,0,0,0,0,0,0,0,0,0:18,1,1,1,0,0,0,0,0,0,NA,NA,NA,NA,NA,NA,NA,NA,NA,NA,INTERCEPTION
GB,1,GB,11,24,4,GB 35,MIN 12,DOWNS,NA,0,MIN 35,03:55,53,"16-W.Reichard kicks 65 yards from MIN 35 to end zone, Touchback to the GB 35.",kickoff,0,0,0,0,0,0,0,NA,NA,NA,NA,NA,NA,NA,NA,NA,NA,0,0,0,0,0,0,0,0,2:27,3,1,0,0,0,0,0,0,0,NA,NA,NA,NA,NA,NA,NA,NA,NA,NA,KICKOFF
GB,1,GB,11,24,4,GB 35,MIN 12,DOWNS,1,10,GB 35,03:55,53,(3:55) (Shotgun) 10-J.Love pass incomplete short left to 0-M.Golden.,pass,0,1,0,1,0,0,0,J.Love,NA,M.Golden,NA,NA,NA,short,left,11,NA,0,0,0,0,0,0,1,0,2:27,3,1,0,0,0,0,0,0,0,NA,NA,NA,NA,NA,NA,NA,NA,NA,NA,KICKOFF
GB,1,GB,11,24,4,GB 35,MIN 12,DOWNS,2,10,GB 35,03:52,53,(3:52) (Shotgun) 10-J.Love pass short middle to 9-C.Watson to MIN 49 for 16 yards (44-J.Metellus).,pass,16,1,0,1,0,0,0,J.Love,16,C.Watson,16,NA,NA,short,middle,14,2,0,1,0,0,0,0,0,0,2:27,3,1,0,0,0,0,0,0,0,NA,NA,NA,NA,NA,NA,NA,NA,NA,NA,KICKOFF
GB,1,GB,11,24,4,GB 35,MIN 12,DOWNS,1,10,MIN 49,03:30,53,"(3:30) (No Huddle, Shotgun) 10-J.Love sacked at GB 46 for -5 yards (43-A.Van Ginkel). The player down by contact was assisted by replay.",pass,-5,1,1,1,0,0,0,J.Love,NA,NA,NA,NA,NA,NA,NA,NA,NA,0,0,0,0,0,0,0,0,2:27,3,1,0,0,0,0,0,0,0,A.Van Ginkel,NA,A.Van Ginkel,NA,NA,A.Van Ginkel,NA,NA,NA,NA,KICKOFF
GB,1,GB,11,24,4,GB 35,MIN 12,DOWNS,2,15,GB 46,03:09,53,(3:09) (Shotgun) 10-J.Love pass deep right to 0-M.Golden to MIN 34 for 20 yards (23-J.Pierre) [15-D.Turner].,pass,20,1,0,1,0,0,0,J.Love,20,M.Golden,20,NA,NA,deep,right,16,4,0,1,0,0,0,0,0,0,2:27,3,1,0,0,0,0,0,0,0,NA,NA,D.Turner,NA,NA,NA,NA,NA,NA,NA,KICKOFF
GB,1,GB,11,24,4,GB 35,MIN 12,DOWNS,1,10,MIN 34,02:38,53,"(2:38) (No Huddle, Shotgun) 10-J.Love pass incomplete short right to 11-J.Reed.",pass,0,1,1,1,0,0,0,J.Love,NA,J.Reed,NA,NA,NA,short,right,7,NA,0,0,0,0,0,0,1,0,2:27,3,1,0,0,0,0,0,0,0,NA,NA,NA,NA,NA,NA,NA,NA,NA,NA,KICKOFF
GB,1,GB,11,24,4,GB 35,MIN 12,DOWNS,2,10,MIN 34,02:35,53,(2:35) (Shotgun) 10-J.Love pass short middle to 11-J.Reed to MIN 27 for 7 yards (23-J.Pierre).,pass,7,1,0,1,0,0,0,J.Love,7,J.Reed,7,NA,NA,short,middle,6,1,0,0,0,0,0,0,0,0,2:27,3,1,0,0,0,0,0,0,0,NA,NA,NA,NA,NA,NA,NA,NA,NA,NA,KICKOFF
GB,1,GB,11,24,4,GB 35,MIN 12,DOWNS,3,3,MIN 27,02:13,53,"(2:13) (No Huddle, Shotgun) 10-J.Love pass short middle to 18-J.Smith to MIN 20 for 7 yards (22-H.Smith).",pass,7,1,1,1,0,0,0,J.Love,7,J.Smith,7,NA,NA,short,middle,1,6,0,1,1,0,0,0,0,0,2:27,3,1,0,0,0,0,0,0,0,NA,NA,NA,NA,NA,NA,NA,NA,NA,NA,KICKOFF
GB,1,GB,11,24,4,GB 35,MIN 12,DOWNS,1,10,MIN 20,02:00,53,(2:00) (Shotgun) 10-J.Love pass incomplete deep left to 32-M.Lloyd (23-J.Pierre) [15-D.Turner].,pass,0,1,0,1,0,0,0,J.Love,NA,M.Lloyd,NA,NA,NA,deep,left,18,NA,0,0,0,0,0,0,1,0,2:27,3,1,0,0,0,0,0,0,0,NA,NA,D.Turner,J.Pierre,NA,NA,NA,NA,NA,NA,KICKOFF
GB,1,GB,11,24,4,GB 35,MIN 12,DOWNS,2,10,MIN 20,01:55,53,(1:55) (Shotgun) 10-J.Love pass short right to 0-M.Golden to MIN 12 for 8 yards (44-J.Metellus).,pass,8,1,0,1,0,0,0,J.Love,8,M.Golden,8,NA,NA,short,right,7,1,0,0,0,0,0,0,0,0,2:27,3,1,0,0,0,0,0,0,0,NA,NA,NA,NA,NA,NA,NA,NA,NA,NA,KICKOFF
GB,1,GB,11,24,4,GB 35,MIN 12,DOWNS,3,2,MIN 12,01:35,53,"(1:35) (No Huddle, Shotgun) 10-J.Love pass incomplete short middle to 0-M.Golden.",pass,0,1,1,1,0,0,0,J.Love,NA,M.Golden,NA,NA,NA,short,middle,12,NA,0,0,0,1,0,0,1,0,2:27,3,1,0,0,0,0,0,0,0,NA,NA,NA,NA,NA,NA,NA,NA,NA,NA,KICKOFF
GB,1,GB,11,24,4,GB 35,MIN 12,DOWNS,4,2,MIN 12,01:31,53,(1:31) (Shotgun) 10-J.Love pass incomplete short middle to 23-S.Moore.,pass,0,1,0,1,0,0,0,J.Love,NA,S.Moore,NA,NA,NA,short,middle,12,NA,0,0,0,0,0,1,1,0,2:27,3,1,0,0,0,0,0,0,0,NA,NA,NA,NA,NA,NA,NA,NA,NA,NA,KICKOFF
GB,1,MIN,3,25,4,MIN 12,MIN 14,END_GAME,1,10,MIN 12,01:28,1,(1:28) 27-J.Mason right tackle to MIN 15 for 3 yards (57-B.Cox).,run,3,0,0,0,0,0,0,NA,NA,NA,NA,J.Mason,3,NA,NA,NA,NA,0,0,0,0,0,0,0,0,1:28,0,0,0,0,0,0,0,0,0,NA,NA,NA,NA,NA,NA,NA,NA,NA,NA,DOWNS
GB,1,MIN,3,25,4,MIN 12,MIN 14,END_GAME,2,7,MIN 15,00:50,1,(:50) 11-C.Wentz kneels to MIN 14 for -1 yards.,qb_kneel,-1,0,0,0,1,0,0,NA,NA,NA,NA,C.Wentz,-1,NA,NA,NA,NA,0,0,0,0,0,0,0,0,1:28,0,0,0,0,0,0,0,0,0,NA,NA,NA,NA,NA,NA,NA,NA,NA,NA,DOWNS
GB,1,MIN,3,25,4,MIN 12,MIN 14,END_GAME,3,8,MIN 14,00:33,1,(:33) 11-C.Wentz kneels to MIN 13 for -1 yards.,qb_kneel,-1,0,0,0,1,0,0,NA,NA,NA,NA,C.Wentz,-1,NA,NA,NA,NA,0,0,0,1,0,0,0,0,1:28,0,0,0,0,0,0,0,0,0,NA,NA,NA,NA,NA,NA,NA,NA,NA,NA,DOWNS
GB,1,MIN,3,25,4,MIN 12,MIN 14,END_GAME,NA,0,NA,00:00,1,END GAME,NA,NA,0,0,NA,0,0,0,NA,NA,NA,NA,NA,NA,NA,NA,NA,NA,0,NA,NA,NA,NA,NA,NA,NA,1:28,0,0,0,0,NA,NA,NA,NA,NA,NA,NA,NA,NA,NA,NA,NA,NA,NA,NA,DOWNS
GB,2,NA,NA,NA,1,NA,NA,NA,NA,0,NYJ 35,15:00,NA,GAME,NA,NA,0,0,NA,0,0,0,NA,NA,NA,NA,NA,NA,NA,NA,NA,NA,0,NA,NA,NA,NA,NA,NA,NA,NA,NA,NA,NA,NA,NA,NA,NA,NA,NA,NA,NA,NA,NA,NA,NA,NA,NA,NA,NA,NA
GB,2,GB,3,1,1,GB 29,GB 32,PUNT,NA,0,NYJ 35,15:00,3,19-J.Sanders kicks 61 yards from NYJ 35 to GB 4. 23-S.Moore to GB 29 for 25 yards (50-T.Reeder; 55-B.McGregor).,kickoff,0,0,0,0,0,0,0,NA,NA,NA,NA,NA,NA,NA,NA,NA,NA,0,0,0,0,0,0,0,0,1:40,0,0,0,0,0,0,0,0,0,NA,NA,NA,NA,NA,NA,NA,NA,NA,NA,KICKOFF
GB,2,GB,3,1,1,GB 29,GB 32,PUNT,1,10,GB 29,14:52,3,(14:52) (Shotgun) 10-J.Love sacked at GB 28 for -1 yards (31-D.Bailey).,pass,-1,1,0,1,0,0,0,J.Love,NA,NA,NA,NA,NA,NA,NA,NA,NA,0,0,0,0,0,0,0,0,1:40,0,0,0,0,0,0,0,0,0,D.Bailey,NA,D.Bailey,NA,NA,D.Bailey,NA,NA,NA,NA,KICKOFF
GB,2,GB,3,1,1,GB 29,GB 32,PUNT,2,11,GB 28,14:09,3,(14:09) (Shotgun) 10-J.Love pass short left to 11-J.Reed to GB 32 for 4 yards (56-D.Davis). GB-11-J.Reed was injured during the play.,pass,4,1,0,1,0,0,0,J.Love,4,J.Reed,4,NA,NA,short,left,-5,9,0,0,0,0,0,0,0,0,1:40,0,0,0,0,0,0,0,0,0,NA,NA,NA,NA,NA,NA,NA,NA,NA,NA,KICKOFF
GB,2,GB,3,1,1,GB 29,GB 32,PUNT,3,7,GB 32,13:37,3,(13:37) (Shotgun) 10-J.Love pass incomplete short middle to 0-M.Golden. GB-50-Z.Bako-Bewele was injured during the play.,pass,0,1,0,1,0,0,0,J.Love,NA,M.Golden,NA,NA,NA,short,middle,10,NA,0,0,0,1,0,0,1,0,1:40,0,0,0,0,0,0,0,0,0,NA,NA,NA,NA,NA,NA,NA,NA,NA,NA,KICKOFF
GB,2,GB,3,1,1,GB 29,GB 32,PUNT,4,7,GB 32,13:34,3,"(13:34) 19-D.Whelan punts 60 yards to NYJ 8, Center-42-M.Orzech. 18-I.Williams MUFFS catch, recovered by NYJ-37-Q.Stiggers at NYJ 2. 37-Q.Stiggers to NYJ 5 for 3 yards (87-J.Sturdivant; 59-T.Hopper).",punt,0,0,0,0,0,0,0,NA,NA,NA,NA,NA,NA,NA,NA,NA,NA,0,0,0,0,0,0,0,0,1:40,0,0,0,0,1,0,0,0,0,NA,NA,NA,NA,I.Williams,NA,NA,NA,NA,NA,KICKOFF
GB,2,NYJ,9,2,1,NYJ 5,NYJ 47,PUNT,1,10,NYJ 5,13:20,42,(13:20) (Shotgun) 20-B.Hall up the middle to NYJ 6 for 1 yard (7-J.Bullard).,run,1,1,0,0,0,0,0,NA,NA,NA,NA,B.Hall,1,NA,NA,NA,NA,0,0,0,0,0,0,0,0,5:37,3,0,0,10,0,0,0,0,0,NA,NA,NA,NA,NA,NA,NA,NA,NA,NA,PUNT
GB,2,NYJ,9,2,1,NYJ 5,NYJ 47,PUNT,2,9,NYJ 6,12:46,42,(12:46) (Shotgun) 7-G.Smith pass short right to 16-K.Sadiq to NYJ 11 for 5 yards (44-Z.Franklin).,pass,5,1,0,1,0,0,0,G.Smith,5,K.Sadiq,5,NA,NA,short,right,-3,8,0,0,0,0,0,0,0,0,5:37,3,0,0,10,0,0,0,0,0,NA,NA,NA,NA,NA,NA,NA,NA,NA,NA,PUNT
GB,2,NYJ,9,2,1,NYJ 5,NYJ 47,PUNT,3,4,NYJ 11,12:05,42,"(12:05) (Shotgun) PENALTY on GB-94-K.Brooks, Neutral Zone Infraction, 5 yards, enforced at NYJ 11 - No Play.",no_play,0,1,0,0,0,0,0,NA,NA,NA,NA,NA,NA,NA,NA,NA,NA,0,0,0,0,0,0,0,0,5:37,3,0,0,10,0,0,0,0,0,NA,NA,NA,NA,NA,NA,NA,NA,NA,Neutral Zone Infraction,PUNT
GB,2,NYJ,9,2,1,NYJ 5,NYJ 47,PUNT,1,10,NYJ 16,11:47,42,(11:47) 20-B.Hall left tackle to NYJ 20 for 4 yards (2-B.Cisse).,run,4,0,0,0,0,0,0,NA,NA,NA,NA,B.Hall,4,NA,NA,NA,NA,0,0,0,0,0,0,0,0,5:37,3,0,0,10,0,0,0,0,0,NA,NA,NA,NA,NA,NA,NA,NA,NA,NA,PUNT
GB,2,NYJ,9,2,1,NYJ 5,NYJ 47,PUNT,2,6,NYJ 20,11:10,42,"(11:10) (Shotgun) 20-B.Hall left end pushed ob at NYJ 28 for 8 yards (29-X.McKinney). PENALTY on NYJ-18-I.Williams, Offensive Holding, 10 yards, enforced at NYJ 20 - No Play.",no_play,0,1,0,0,0,0,0,NA,NA,NA,NA,NA,NA,NA,NA,NA,NA,0,0,0,0,0,0,0,0,5:37,3,0,0,10,0,0,0,0,0,NA,NA,NA,NA,NA,NA,NA,NA,NA,Offensive Holding,PUNT
GB,2,NYJ,9,2,1,NYJ 5,NYJ 47,PUNT,2,16,NYJ 10,10:48,42,(10:48) (Shotgun) 7-G.Smith pass short left to 15-A.Mitchell to NYJ 17 for 7 yards (56-E.Cooper).,pass,7,1,0,1,0,0,0,G.Smith,7,A.Mitchell,7,NA,NA,short,left,5,2,0,0,0,0,0,0,0,0,5:37,3,0,0,10,0,0,0,0,0,NA,NA,NA,NA,NA,NA,NA,NA,NA,NA,PUNT
GB,2,NYJ,9,2,1,NYJ 5,NYJ 47,PUNT,3,9,NYJ 17,10:04,42,"(10:04) (Shotgun) 7-G.Smith pass incomplete deep left to 15-A.Mitchell (7-J.Bullard). PENALTY on GB-7-J.Bullard, Unsportsmanlike Conduct, 15 yards, enforced at NYJ 17.",pass,0,1,0,1,0,0,0,G.Smith,NA,A.Mitchell,NA,NA,NA,deep,left,48,NA,0,0,0,1,0,0,1,0,5:37,3,0,0,10,0,0,0,0,0,NA,NA,NA,J.Bullard,NA,NA,NA,NA,NA,Unsportsmanlike Conduct,PUNT
GB,2,NYJ,9,2,1,NYJ 5,NYJ 47,PUNT,1,10,NYJ 32,09:57,42,"(9:57) 7-G.Smith pass short left to 20-B.Hall pushed ob at NYJ 44 for 12 yards (33-E.Williams) [51-D.Dennis-Sutton]. Penalty on GB-93-A.Campbell, Defensive Offside, declined.",pass,12,0,0,1,0,0,0,G.Smith,12,B.Hall,12,NA,NA,short,left,3,9,0,1,0,0,0,0,0,0,5:37,3,0,0,10,0,0,0,0,0,NA,NA,D.Dennis-Sutton,NA,NA,NA,NA,NA,NA,NA,PUNT
GB,2,NYJ,9,2,1,NYJ 5,NYJ 47,PUNT,1,10,NYJ 44,09:28,42,(9:28) 20-B.Hall right guard to NYJ 49 for 5 yards (44-Z.Franklin).,run,5,0,0,0,0,0,0,NA,NA,NA,NA,B.Hall,5,NA,NA,NA,NA,0,0,0,0,0,0,0,0,5:37,3,0,0,10,0,0,0,0,0,NA,NA,NA,NA,NA,NA,NA,NA,NA,NA,PUNT
GB,2,NYJ,9,2,1,NYJ 5,NYJ 47,PUNT,2,5,NYJ 49,08:46,42,"(8:46) 20-B.Hall right guard to NYJ 47 for -2 yards (33-E.Williams, 51-D.Dennis-Sutton).",run,-2,0,0,0,0,0,0,NA,NA,NA,NA,B.Hall,-2,NA,NA,NA,NA,0,0,0,0,0,0,0,0,5:37,3,0,0,10,0,0,0,0,0,E.Williams,NA,NA,NA,NA,NA,NA,NA,NA,NA,PUNT
GB,2,NYJ,9,2,1,NYJ 5,NYJ 47,PUNT,3,7,NYJ 47,07:58,42,(7:58) (Shotgun) 7-G.Smith pass incomplete deep left to 5-G.Wilson.,pass,0,1,0,1,0,0,0,G.Smith,NA,G.Wilson,NA,NA,NA,deep,left,18,NA,0,0,0,1,0,0,1,0,5:37,3,0,0,10,0,0,0,0,0,NA,NA,NA,NA,NA,NA,NA,NA,NA,NA,PUNT
GB,2,NYJ,9,2,1,NYJ 5,NYJ 47,PUNT,4,7,NYJ 47,07:54,42,"(7:54) 14-A.McNamara punts 42 yards to GB 11, Center-42-T.Hennessy. 23-S.Moore to GB 16 for 5 yards (47-A.Beck). PENALTY on GB-36-K.Hadden, Offensive Holding, 7 yards, enforced at GB 15.",punt,0,0,0,0,0,0,0,NA,NA,NA,NA,NA,NA,NA,NA,NA,NA,0,0,0,0,0,0,0,0,5:37,3,0,0,10,1,0,0,0,0,NA,NA,NA,NA,NA,NA,NA,NA,NA,Offensive Holding,PUNT
GB,2,GB,3,3,1,GB 8,GB 3,PUNT,1,10,GB 8,07:43,-5,"(7:43) 32-M.Lloyd right end to GB 11 for 3 yards (56-D.Davis). PENALTY on GB-9-C.Watson, Offensive Holding, 4 yards, enforced at GB 8 - No Play.",no_play,0,0,0,0,0,0,0,NA,NA,NA,NA,NA,NA,NA,NA,NA,NA,0,0,0,0,0,0,0,0,2:05,0,0,0,-4,0,0,0,0,0,NA,NA,NA,NA,NA,NA,NA,NA,NA,Offensive Holding,PUNT
GB,2,GB,3,3,1,GB 8,GB 3,PUNT,1,14,GB 4,07:20,-5,(7:20) (Shotgun) 10-J.Love pass short left to 32-M.Lloyd to GB 4 for no gain (21-B.Stephens).,pass,0,1,0,1,0,0,0,J.Love,0,M.Lloyd,0,NA,NA,short,left,0,0,0,0,0,0,0,0,0,0,2:05,0,0,0,-4,0,0,0,0,0,NA,NA,NA,NA,NA,NA,NA,NA,NA,NA,PUNT
GB,2,GB,3,3,1,GB 8,GB 3,PUNT,2,14,GB 4,06:40,-5,(6:40) (Shotgun) 10-J.Love pass short right to 23-S.Moore to GB 3 for -1 yards (1-A.Thomas).,pass,-1,1,0,1,0,0,0,J.Love,-1,S.Moore,-1,NA,NA,short,right,-3,2,0,0,0,0,0,0,0,0,2:05,0,0,0,-4,0,0,0,0,0,A.Thomas,NA,NA,NA,NA,NA,NA,NA,NA,NA,PUNT
GB,2,GB,3,3,1,GB 8,GB 3,PUNT,3,15,GB 3,05:58,-5,(5:58) (Shotgun) 10-J.Love pass incomplete deep right to 23-S.Moore.,pass,0,1,0,1,0,0,0,J.Love,NA,S.Moore,NA,NA,NA,deep,right,43,NA,0,0,0,1,0,0,1,0,2:05,0,0,0,-4,0,0,0,0,0,NA,NA,NA,NA,NA,NA,NA,NA,NA,NA,PUNT
GB,2,GB,3,3,1,GB 8,GB 3,PUNT,4,15,GB 3,05:52,-5,"(5:52) 19-D.Whelan punts 60 yards to NYJ 37, Center-42-M.Orzech. 18-I.Williams to NYJ 45 for 8 yards (90-L.Van Ness). PENALTY on NYJ-37-Q.Stiggers, Illegal Block Above the Waist, 10 yards, enforced at NYJ 39.",punt,0,0,0,0,0,0,0,NA,NA,NA,NA,NA,NA,NA,NA,NA,NA,0,0,0,0,0,0,0,0,2:05,0,0,0,-4,0,0,0,0,0,NA,NA,NA,NA,NA,NA,NA,NA,NA,Illegal Block Above the Waist,PUNT
GB,2,NYJ,6,4,1,NYJ 29,NYJ 47,PUNT,1,10,NYJ 29,05:38,18,(5:38) (Shotgun) 7-G.Smith pass short middle to 20-B.Hall to NYJ 36 for 7 yards (33-E.Williams).,pass,7,1,0,1,0,0,0,G.Smith,7,B.Hall,7,NA,NA,short,middle,4,3,0,0,0,0,0,0,0,0,3:03,1,0,0,0,0,0,0,0,0,NA,NA,NA,NA,NA,NA,NA,NA,NA,NA,PUNT
GB,2,NYJ,6,4,1,NYJ 29,NYJ 47,PUNT,2,3,NYJ 36,04:58,18,(4:58) 20-B.Hall left tackle to NYJ 38 for 2 yards (2-B.Cisse).,run,2,0,0,0,0,0,0,NA,NA,NA,NA,B.Hall,2,NA,NA,NA,NA,0,0,0,0,0,0,0,0,3:03,1,0,0,0,0,0,0,0,0,NA,NA,NA,NA,NA,NA,NA,NA,NA,NA,PUNT
GB,2,NYJ,6,4,1,NYJ 29,NYJ 47,PUNT,3,1,NYJ 38,04:17,18,(4:17) 7-G.Smith pass short right to 15-A.Mitchell to NYJ 46 for 8 yards (29-X.McKinney; 44-Z.Franklin).,pass,8,0,0,1,0,0,0,G.Smith,8,A.Mitchell,8,NA,NA,short,right,2,6,0,1,1,0,0,0,0,0,3:03,1,0,0,0,0,0,0,0,0,NA,NA,NA,NA,NA,NA,NA,NA,NA,NA,PUNT
GB,2,NYJ,6,4,1,NYJ 29,NYJ 47,PUNT,1,10,NYJ 46,03:37,18,(3:37) 7-G.Smith pass incomplete short left to 15-A.Mitchell (7-J.Bullard).,pass,0,0,0,1,0,0,0,G.Smith,NA,A.Mitchell,NA,NA,NA,short,left,15,NA,0,0,0,0,0,0,1,0,3:03,1,0,0,0,0,0,0,0,0,NA,NA,NA,J.Bullard,NA,NA,NA,NA,NA,NA,PUNT
GB,2,NYJ,6,4,1,NYJ 29,NYJ 47,PUNT,2,10,NYJ 46,03:32,18,(3:32) (Shotgun) 7-G.Smith pass incomplete short left to 5-G.Wilson.,pass,0,1,0,1,0,0,0,G.Smith,NA,G.Wilson,NA,NA,NA,short,left,3,NA,0,0,0,0,0,0,1,0,3:03,1,0,0,0,0,0,0,0,0,NA,NA,NA,NA,NA,NA,NA,NA,NA,NA,PUNT
GB,2,NA,6,4,1,NYJ 29,NYJ 47,PUNT,NA,0,NYJ 46,03:28,18,Timeout #1 by NYJ at 03:28.,no_play,0,0,0,0,0,0,0,NA,NA,NA,NA,NA,NA,NA,NA,NA,NA,0,0,0,0,0,0,0,0,3:03,1,0,0,0,0,0,0,0,0,NA,NA,NA,NA,NA,NA,NA,NA,NA,NA,PUNT
GB,2,NYJ,6,4,1,NYJ 29,NYJ 47,PUNT,3,10,NYJ 46,03:28,18,(3:28) (Shotgun) 7-G.Smith scrambles left end to NYJ 47 for 1 yard (90-L.Van Ness).,run,1,1,0,1,0,0,1,NA,NA,NA,NA,G.Smith,1,NA,NA,NA,NA,0,0,0,1,0,0,0,0,3:03,1,0,0,0,0,0,0,0,0,NA,NA,NA,NA,NA,NA,NA,NA,NA,NA,PUNT
GB,2,NYJ,6,4,1,NYJ 29,NYJ 47,PUNT,4,9,NYJ 47,02:43,18,"(2:43) 14-A.McNamara punts 53 yards to end zone, Center-42-T.Hennessy, Touchback. ** Injury Update: GB-59-T.Hopper has returned to the game.",punt,0,0,0,0,0,0,0,NA,NA,NA,NA,NA,NA,NA,NA,NA,NA,0,0,0,0,0,0,0,0,3:03,1,0,0,0,0,0,0,0,0,NA,NA,NA,NA,NA,NA,NA,NA,NA,NA,PUNT
GB,2,GB,3,5,1,GB 20,GB 24,PUNT,1,10,GB 20,02:35,4,(2:35) 26-K.Johnson left tackle to GB 24 for 4 yards (44-J.Sherwood; 99-T.Sweat).,run,4,0,0,0,0,0,0,NA,NA,NA,NA,K.Johnson,4,NA,NA,NA,NA,0,0,0,0,0,0,0,0,0:55,0,0,0,0,0,0,0,0,0,NA,NA,NA,NA,NA,NA,NA,NA,NA,NA,PUNT
GB,2,GB,3,5,1,GB 20,GB 24,PUNT,2,6,GB 24,01:59,4,"(1:59) (Shotgun) 10-J.Love pass incomplete short left to 9-C.Watson (44-J.Sherwood). Penalty on GB-77-J.Morgan, Illegal Formation, declined.",pass,0,1,0,1,0,0,0,J.Love,NA,C.Watson,NA,NA,NA,short,left,3,NA,0,0,0,0,0,0,1,0,0:55,0,0,0,0,0,0,0,0,0,NA,NA,NA,J.Sherwood,NA,NA,NA,NA,NA,NA,PUNT
GB,2,NA,3,5,1,GB 20,GB 24,PUNT,NA,0,GB 24,01:56,4,Timeout #2 by NYJ at 01:56.,no_play,0,0,0,0,0,0,0,NA,NA,NA,NA,NA,NA,NA,NA,NA,NA,0,0,0,0,0,0,0,0,0:55,0,0,0,0,0,0,0,0,0,NA,NA,NA,NA,NA,NA,NA,NA,NA,NA,PUNT
GB,2,GB,3,5,1,GB 20,GB 24,PUNT,3,6,GB 24,01:56,4,(1:56) (Shotgun) 10-J.Love pass incomplete short right to 9-C.Watson (1-A.Thomas).,pass,0,1,0,1,0,0,0,J.Love,NA,C.Watson,NA,NA,NA,short,right,14,NA,0,0,0,1,0,0,1,0,0:55,0,0,0,0,0,0,0,0,0,NA,NA,NA,A.Thomas,NA,NA,NA,NA,NA,NA,PUNT
GB,2,GB,3,5,1,GB 20,GB 24,PUNT,4,6,GB 24,01:51,4,"(1:51) 19-D.Whelan punts 58 yards to NYJ 18, Center-42-M.Orzech. 18-I.Williams MUFFS catch, recovered by NYJ-37-Q.Stiggers at NYJ 18. PENALTY on NYJ-18-I.Williams, Invalid Fair Catch Signal, 5 yards, enforced at NYJ 18.",punt,0,0,0,0,0,0,0,NA,NA,NA,NA,NA,NA,NA,NA,NA,NA,0,0,0,0,0,0,0,0,0:55,0,0,0,0,1,0,0,0,0,NA,NA,NA,NA,I.Williams,NA,NA,NA,NA,Invalid Fair Catch Signal,PUNT
GB,2,NYJ,3,6,1,NYJ 13,NYJ 6,PUNT,1,10,NYJ 13,01:40,-7,"(1:40) 20-B.Hall left tackle to NYJ 10 for -3 yards (90-L.Van Ness, 95-D.Wyatt).",run,-3,0,0,0,0,0,0,NA,NA,NA,NA,B.Hall,-3,NA,NA,NA,NA,0,0,0,0,0,0,0,0,1:38,0,0,0,0,0,0,0,0,0,L.Van Ness,NA,NA,NA,NA,NA,NA,NA,NA,NA,PUNT
GB,2,NYJ,3,6,1,NYJ 13,NYJ 6,PUNT,2,13,NYJ 10,01:00,-7,(1:00) (Shotgun) 7-G.Smith pass incomplete short left to 15-A.Mitchell.,pass,0,1,0,1,0,0,0,G.Smith,NA,A.Mitchell,NA,NA,NA,short,left,5,NA,0,0,0,0,0,0,1,0,1:38,0,0,0,0,0,0,0,0,0,NA,NA,NA,NA,NA,NA,NA,NA,NA,NA,PUNT
GB,2,NYJ,3,6,1,NYJ 13,NYJ 6,PUNT,3,13,NYJ 10,00:57,-7,(:57) (Shotgun) 7-G.Smith sacked at NYJ 6 for -4 yards (90-L.Van Ness).,pass,-4,1,0,1,0,0,0,G.Smith,NA,NA,NA,NA,NA,NA,NA,NA,NA,0,0,0,1,0,0,0,0,1:38,0,0,0,0,0,0,0,0,0,L.Van Ness,NA,L.Van Ness,NA,NA,L.Van Ness,NA,NA,NA,NA,PUNT
GB,2,NYJ,3,6,1,NYJ 13,NYJ 6,PUNT,4,17,NYJ 6,00:14,-7,"(:14) 14-A.McNamara punts 58 yards to GB 36, Center-42-T.Hennessy, downed by NYJ-82-A.Smith.",punt,0,0,0,0,0,0,0,NA,NA,NA,NA,NA,NA,NA,NA,NA,NA,0,0,0,0,0,0,0,0,1:38,0,0,0,0,0,0,0,1,0,NA,NA,NA,NA,NA,NA,NA,NA,NA,NA,PUNT
GB,2,GB,9,7,1,GB 36,NYJ 6,TOUCHDOWN,1,10,GB 36,00:02,64,(:02) 26-K.Johnson left guard to GB 48 for 12 yards (8-A.Cisco).,run,12,0,0,0,0,0,0,NA,NA,NA,NA,K.Johnson,12,NA,NA,NA,NA,0,0,0,0,0,0,0,0,5:27,5,1,1,-10,0,0,0,0,0,NA,NA,NA,NA,NA,NA,NA,NA,NA,NA,PUNT
GB,2,GB,9,7,1,GB 36,NYJ 6,TOUCHDOWN,NA,0,GB 48,00:00,64,END QUARTER 1,NA,NA,0,0,NA,0,0,0,NA,NA,NA,NA,NA,NA,NA,NA,NA,NA,0,NA,NA,NA,NA,NA,NA,NA,5:27,5,1,1,-10,NA,NA,NA,NA,NA,NA,NA,NA,NA,NA,NA,NA,NA,NA,NA,PUNT
GB,2,GB,9,7,2,GB 36,NYJ 6,TOUCHDOWN,1,10,GB 48,15:00,64,(15:00) 26-K.Johnson up the middle to 50 for 2 yards (52-K.Enagbare).,run,2,0,0,0,0,0,0,NA,NA,NA,NA,K.Johnson,2,NA,NA,NA,NA,0,0,0,0,0,0,0,0,5:27,5,1,1,-10,0,0,0,0,0,NA,NA,NA,NA,NA,NA,NA,NA,NA,NA,PUNT
GB,2,GB,9,7,2,GB 36,NYJ 6,TOUCHDOWN,2,8,MID 50,14:20,64,(14:20) (Shotgun) 10-J.Love pass deep middle to 9-C.Watson to NYJ 30 for 20 yards (6-D.Belton).,pass,20,1,0,1,0,0,0,J.Love,20,C.Watson,20,NA,NA,deep,middle,19,1,0,1,0,0,0,0,0,0,5:27,5,1,1,-10,0,0,0,0,0,NA,NA,NA,NA,NA,NA,NA,NA,NA,NA,PUNT
GB,2,GB,9,7,2,GB 36,NYJ 6,TOUCHDOWN,1,10,NYJ 30,13:41,64,(13:41) 32-M.Lloyd up the middle to NYJ 25 for 5 yards (31-D.Bailey).,run,5,0,0,0,0,0,0,NA,NA,NA,NA,M.Lloyd,5,NA,NA,NA,NA,0,0,0,0,0,0,0,0,5:27,5,1,1,-10,0,0,0,0,0,NA,NA,NA,NA,NA,NA,NA,NA,NA,NA,PUNT
GB,2,GB,9,7,2,GB 36,NYJ 6,TOUCHDOWN,2,5,NYJ 25,13:00,64,(13:00) 26-K.Johnson left guard to NYJ 18 for 7 yards (6-D.Belton).,run,7,0,0,0,0,0,0,NA,NA,NA,NA,K.Johnson,7,NA,NA,NA,NA,0,0,0,0,0,0,0,0,5:27,5,1,1,-10,0,0,0,0,0,NA,NA,NA,NA,NA,NA,NA,NA,NA,NA,PUNT
GB,2,GB,9,7,2,GB 36,NYJ 6,TOUCHDOWN,1,10,NYJ 18,12:20,64,"(12:20) 26-K.Johnson right end to NYJ 21 for -3 yards (1-A.Thomas). PENALTY on GB-62-J.Monk, Offensive Holding, 10 yards, enforced at NYJ 18 - No Play.",no_play,0,0,0,0,0,0,0,NA,NA,NA,NA,NA,NA,NA,NA,NA,NA,0,0,0,0,0,0,0,0,5:27,5,1,1,-10,0,0,0,0,0,NA,NA,NA,NA,NA,NA,NA,NA,NA,Offensive Holding,PUNT
GB,2,GB,9,7,2,GB 36,NYJ 6,TOUCHDOWN,1,20,NYJ 28,11:47,64,(11:47) (Shotgun) 10-J.Love pass short left to 9-C.Watson to NYJ 15 for 13 yards (21-B.Stephens).,pass,13,1,0,1,0,0,0,J.Love,13,C.Watson,13,NA,NA,short,left,8,5,0,0,0,0,0,0,0,0,5:27,5,1,1,-10,0,0,0,0,0,NA,NA,NA,NA,NA,NA,NA,NA,NA,NA,PUNT
GB,2,GB,9,7,2,GB 36,NYJ 6,TOUCHDOWN,2,7,NYJ 15,11:06,64,(11:06) 32-M.Lloyd up the middle to NYJ 8 for 7 yards (8-A.Cisco; 44-J.Sherwood).,run,7,0,0,0,0,0,0,NA,NA,NA,NA,M.Lloyd,7,NA,NA,NA,NA,0,0,0,0,0,0,0,0,5:27,5,1,1,-10,0,0,0,0,0,NA,NA,NA,NA,NA,NA,NA,NA,NA,NA,PUNT
GB,2,GB,9,7,2,GB 36,NYJ 6,TOUCHDOWN,1,8,NYJ 8,10:24,64,(10:24) 32-M.Lloyd right tackle to NYJ 6 for 2 yards (6-D.Belton).,run,2,0,0,0,0,0,0,NA,NA,NA,NA,M.Lloyd,2,NA,NA,NA,NA,1,0,0,0,0,0,0,0,5:27,5,1,1,-10,0,0,0,0,0,NA,NA,NA,NA,NA,NA,NA,NA,NA,NA,PUNT
GB,2,GB,9,7,2,GB 36,NYJ 6,TOUCHDOWN,2,6,NYJ 6,09:40,64,"(9:40) (Shotgun) 10-J.Love pass short right to 32-M.Lloyd for 6 yards, TOUCHDOWN.",pass,6,1,0,1,0,0,0,J.Love,6,M.Lloyd,6,NA,NA,short,right,-4,10,1,1,0,0,0,0,0,0,5:27,5,1,1,-10,0,0,0,0,0,NA,NA,NA,NA,NA,NA,NA,NA,NA,NA,PUNT
GB,2,GB,9,7,2,GB 36,NYJ 6,TOUCHDOWN,NA,0,NYJ 15,09:35,64,"28-T.Smack extra point is GOOD, Center-42-M.Orzech, Holder-19-D.Whelan.",extra_point,0,0,0,0,0,0,0,NA,NA,NA,NA,NA,NA,NA,NA,NA,NA,0,0,0,0,0,0,0,0,5:27,5,1,1,-10,0,0,0,0,0,NA,NA,NA,NA,NA,NA,NA,NA,NA,NA,PUNT
GB,2,NYJ,7,8,2,NYJ 30,GB 5,TOUCHDOWN,NA,0,GB 35,09:35,70,28-T.Smack kicks 59 yards from GB 35 to NYJ 6. 18-I.Williams to NYJ 30 for 24 yards (33-E.Williams; 31-N.Niemann).,kickoff,0,0,0,0,0,0,0,NA,NA,NA,NA,NA,NA,NA,NA,NA,NA,0,0,0,0,0,0,0,0,3:31,4,1,1,34,0,0,0,0,0,NA,NA,NA,NA,NA,NA,NA,NA,NA,NA,KICKOFF
GB,2,NYJ,7,8,2,NYJ 30,GB 5,TOUCHDOWN,1,10,NYJ 30,09:29,70,"(9:29) 0-B.Allen left end to NYJ 29 for -1 yards (56-E.Cooper, 57-B.Cox).",run,-1,0,0,0,0,0,0,NA,NA,NA,NA,B.Allen,-1,NA,NA,NA,NA,0,0,0,0,0,0,0,0,3:31,4,1,1,34,0,0,0,0,0,E.Cooper,NA,NA,NA,NA,NA,NA,NA,NA,NA,KICKOFF
GB,2,NYJ,7,8,2,NYJ 30,GB 5,TOUCHDOWN,2,11,NYJ 29,08:54,70,(8:54) (Shotgun) 7-G.Smith pass incomplete short right to 15-A.Mitchell.,pass,0,1,0,1,0,0,0,G.Smith,NA,A.Mitchell,NA,NA,NA,short,right,3,NA,0,0,0,0,0,0,1,0,3:31,4,1,1,34,0,0,0,0,0,NA,NA,NA,NA,NA,NA,NA,NA,NA,NA,KICKOFF
GB,2,NYJ,7,8,2,NYJ 30,GB 5,TOUCHDOWN,3,11,NYJ 29,08:50,70,(8:50) (Shotgun) 7-G.Smith pass deep middle to 5-G.Wilson to NYJ 45 for 16 yards (25-K.Nixon).,pass,16,1,0,1,0,0,0,G.Smith,16,G.Wilson,16,NA,NA,deep,middle,16,0,0,1,1,0,0,0,0,0,3:31,4,1,1,34,0,0,0,0,0,NA,NA,NA,NA,NA,NA,NA,NA,NA,NA,KICKOFF
GB,2,NYJ,7,8,2,NYJ 30,GB 5,TOUCHDOWN,1,10,NYJ 45,08:13,70,"(8:13) 7-G.Smith pass incomplete deep right to 15-A.Mitchell (25-K.Nixon). PENALTY on GB-25-K.Nixon, Defensive Pass Interference, 34 yards, enforced at NYJ 45 - No Play.",no_play,0,0,0,0,0,0,0,NA,NA,NA,NA,NA,NA,NA,NA,NA,NA,0,0,0,0,0,0,0,0,3:31,4,1,1,34,0,0,0,0,0,NA,NA,NA,NA,NA,NA,NA,NA,NA,Defensive Pass Interference,KICKOFF
GB,2,NYJ,7,8,2,NYJ 30,GB 5,TOUCHDOWN,1,10,GB 21,08:08,70,(8:08) (Shotgun) 0-B.Allen left guard to GB 20 for 1 yard (7-J.Bullard).,run,1,1,0,0,0,0,0,NA,NA,NA,NA,B.Allen,1,NA,NA,NA,NA,0,0,0,0,0,0,0,0,3:31,4,1,1,34,0,0,0,0,0,NA,NA,NA,NA,NA,NA,NA,NA,NA,NA,KICKOFF
GB,2,NYJ,7,8,2,NYJ 30,GB 5,TOUCHDOWN,2,9,GB 20,07:25,70,(7:25) (Shotgun) 7-G.Smith pass short left to 89-J.Ruckert to GB 20 for no gain (90-L.Van Ness; 44-Z.Franklin).,pass,0,1,0,1,0,0,0,G.Smith,0,J.Ruckert,0,NA,NA,short,left,-4,4,0,0,0,0,0,0,0,0,3:31,4,1,1,34,0,0,0,0,0,NA,NA,NA,NA,NA,NA,NA,NA,NA,NA,KICKOFF
GB,2,NYJ,7,8,2,NYJ 30,GB 5,TOUCHDOWN,3,9,GB 20,06:39,70,(6:39) (Shotgun) 7-G.Smith pass short right to 15-A.Mitchell to GB 5 for 15 yards (25-K.Nixon).,pass,15,1,0,1,0,0,0,G.Smith,15,A.Mitchell,15,NA,NA,short,right,14,1,0,1,1,0,0,0,0,0,3:31,4,1,1,34,0,0,0,0,0,NA,NA,NA,NA,NA,NA,NA,NA,NA,NA,KICKOFF
GB,2,NYJ,7,8,2,NYJ 30,GB 5,TOUCHDOWN,1,5,GB 5,06:08,70,"(6:08) (No Huddle, Shotgun) 0-B.Allen right end for 5 yards, TOUCHDOWN.",run,5,1,1,0,0,0,0,NA,NA,NA,NA,B.Allen,5,NA,NA,NA,NA,1,0,0,0,0,0,0,0,3:31,4,1,1,34,0,0,0,0,0,NA,NA,NA,NA,NA,NA,NA,NA,NA,NA,KICKOFF
GB,2,NYJ,7,8,2,NYJ 30,GB 5,TOUCHDOWN,NA,0,GB 15,06:04,70,"19-J.Sanders extra point is GOOD, Center-42-T.Hennessy, Holder-14-A.McNamara.",extra_point,0,0,0,0,0,0,0,NA,NA,NA,NA,NA,NA,NA,NA,NA,NA,0,0,0,0,0,0,0,0,3:31,4,1,1,34,0,0,0,0,0,NA,NA,NA,NA,NA,NA,NA,NA,NA,NA,KICKOFF
GB,2,GB,3,9,2,GB 46,GB 43,PUNT,NA,0,NYJ 35,06:04,-3,19-J.Sanders kicks 62 yards from NYJ 35 to GB 3. 23-S.Moore to GB 46 for 43 yards (19-J.Sanders; 27-M.Moore).,kickoff,0,0,0,0,0,0,0,NA,NA,NA,NA,NA,NA,NA,NA,NA,NA,0,0,0,0,0,0,0,0,2:04,0,0,0,0,0,0,0,0,0,NA,NA,NA,NA,NA,NA,NA,NA,NA,NA,KICKOFF
GB,2,GB,3,9,2,GB 46,GB 43,PUNT,1,10,GB 46,05:58,-3,"(5:58) 26-K.Johnson up the middle to GB 43 for -3 yards (8-A.Cisco). FUMBLES (8-A.Cisco), touched at GB 42, recovered by GB-10-J.Love at GB 38.",run,-4,0,0,0,0,0,0,NA,NA,NA,NA,K.Johnson,-4,NA,NA,NA,NA,0,0,0,0,0,0,0,0,2:04,0,0,0,0,0,0,0,0,0,A.Cisco,NA,NA,NA,K.Johnson,NA,NA,NA,NA,NA,KICKOFF
GB,2,GB,3,9,2,GB 46,GB 43,PUNT,2,18,GB 38,05:12,-3,"(5:12) (Shotgun) 10-J.Love pass short right to 85-T.Kraft to GB 42 for 4 yards (44-J.Sherwood, 31-D.Bailey). FUMBLES (31-D.Bailey), and recovers at GB 43. New York Jets challenged the loose ball recovery ruling, and the play was Upheld. The ruling on the field stands. (Timeout #3.)",pass,5,1,0,1,0,0,0,J.Love,5,T.Kraft,5,NA,NA,short,right,-3,8,0,0,0,0,0,0,0,0,2:04,0,0,0,0,0,0,0,0,0,NA,NA,NA,NA,T.Kraft,NA,NA,NA,upheld,NA,KICKOFF
GB,2,GB,3,9,2,GB 46,GB 43,PUNT,3,13,GB 43,04:14,-3,(4:14) (Shotgun) 10-J.Love pass incomplete short left to 16-B.Melton.,pass,0,1,0,1,0,0,0,J.Love,NA,B.Melton,NA,NA,NA,short,left,8,NA,0,0,0,1,0,0,1,0,2:04,0,0,0,0,0,0,0,0,0,NA,NA,NA,NA,NA,NA,NA,NA,NA,NA,KICKOFF
GB,2,GB,3,9,2,GB 46,GB 43,PUNT,4,13,GB 43,04:09,-3,"(4:09) 19-D.Whelan punts 57 yards to end zone, Center-42-M.Orzech, Touchback. PENALTY on NYJ-55-B.McGregor, Offensive Holding, 10 yards, enforced at NYJ 20.",punt,0,0,0,0,0,0,0,NA,NA,NA,NA,NA,NA,NA,NA,NA,NA,0,0,0,0,0,0,0,0,2:04,0,0,0,0,0,0,0,0,0,NA,NA,NA,NA,NA,NA,NA,NA,NA,Offensive Holding,KICKOFF
GB,2,NYJ,12,10,2,NYJ 10,NYJ 46,END_HALF,1,10,NYJ 10,04:00,37,"(4:00) (Shotgun) 20-B.Hall right end to NYJ 9 for -1 yards (56-E.Cooper, 25-K.Nixon).",run,-1,1,0,0,0,0,0,NA,NA,NA,NA,B.Hall,-1,NA,NA,NA,NA,0,0,0,0,0,0,0,0,4:00,3,0,0,0,0,0,0,0,0,E.Cooper,NA,NA,NA,NA,NA,NA,NA,NA,NA,PUNT
GB,2,NYJ,12,10,2,NYJ 10,NYJ 46,END_HALF,2,11,NYJ 9,03:23,37,(3:23) (Shotgun) 7-G.Smith pass incomplete short right.,pass,0,1,0,1,0,0,0,G.Smith,NA,NA,NA,NA,NA,short,right,6,NA,0,0,0,0,0,0,1,0,4:00,3,0,0,0,0,0,0,0,0,NA,NA,NA,NA,NA,NA,NA,NA,NA,NA,PUNT
GB,2,NYJ,12,10,2,NYJ 10,NYJ 46,END_HALF,3,11,NYJ 9,03:16,37,(3:16) (Shotgun) 7-G.Smith pass short left to 15-A.Mitchell ran ob at NYJ 23 for 14 yards.,pass,14,1,0,1,0,0,0,G.Smith,14,A.Mitchell,14,NA,NA,short,left,14,0,0,1,1,0,0,0,0,0,4:00,3,0,0,0,0,0,0,0,0,NA,NA,NA,NA,NA,NA,NA,NA,NA,NA,PUNT
GB,2,NYJ,12,10,2,NYJ 10,NYJ 46,END_HALF,1,10,NYJ 23,02:38,37,(2:38) 7-G.Smith pass short right to 89-J.Ruckert to NYJ 28 for 5 yards (25-K.Nixon).,pass,5,0,0,1,0,0,0,G.Smith,5,J.Ruckert,5,NA,NA,short,right,-6,11,0,0,0,0,0,0,0,0,4:00,3,0,0,0,0,0,0,0,0,NA,NA,NA,NA,NA,NA,NA,NA,NA,NA,PUNT
GB,2,NYJ,12,10,2,NYJ 10,NYJ 46,END_HALF,2,5,NYJ 28,02:00,37,(2:00) (Shotgun) 7-G.Smith scrambles up the middle to NYJ 31 for 3 yards (93-A.Campbell).,run,3,1,0,1,0,0,1,NA,NA,NA,NA,G.Smith,3,NA,NA,NA,NA,0,0,0,0,0,0,0,0,4:00,3,0,0,0,0,0,0,0,0,NA,NA,NA,NA,NA,NA,NA,NA,NA,NA,PUNT
GB,2,NYJ,12,10,2,NYJ 10,NYJ 46,END_HALF,3,2,NYJ 31,01:18,37,(1:18) (Shotgun) 20-B.Hall right tackle to NYJ 33 for 2 yards (56-E.Cooper).,run,2,1,0,0,0,0,0,NA,NA,NA,NA,B.Hall,2,NA,NA,NA,NA,0,0,1,0,0,0,0,0,4:00,3,0,0,0,0,0,0,0,0,NA,NA,NA,NA,NA,NA,NA,NA,NA,NA,PUNT
GB,2,NYJ,12,10,2,NYJ 10,NYJ 46,END_HALF,1,10,NYJ 33,00:50,37,"(:50) (No Huddle, Shotgun) 7-G.Smith pass short left to 20-B.Hall to NYJ 30 for -3 yards (7-J.Bullard).",pass,-3,1,1,1,0,0,0,G.Smith,-3,B.Hall,-3,NA,NA,short,left,-3,0,0,0,0,0,0,0,0,0,4:00,3,0,0,0,0,0,0,0,0,J.Bullard,NA,NA,NA,NA,NA,NA,NA,NA,NA,PUNT
GB,2,NA,12,10,2,NYJ 10,NYJ 46,END_HALF,NA,0,NYJ 30,00:45,37,Timeout #1 by GB at 00:45.,no_play,0,0,0,0,0,0,0,NA,NA,NA,NA,NA,NA,NA,NA,NA,NA,0,0,0,0,0,0,0,0,4:00,3,0,0,0,0,0,0,0,0,NA,NA,NA,NA,NA,NA,NA,NA,NA,NA,PUNT
GB,2,NYJ,12,10,2,NYJ 10,NYJ 46,END_HALF,2,13,NYJ 30,00:45,37,(:45) (Shotgun) 7-G.Smith pass short right to 18-I.Williams to NYJ 38 for 8 yards (57-B.Cox).,pass,8,1,0,1,0,0,0,G.Smith,8,I.Williams,8,NA,NA,short,right,0,8,0,0,0,0,0,0,0,0,4:00,3,0,0,0,0,0,0,0,0,NA,NA,NA,NA,NA,NA,NA,NA,NA,NA,PUNT
GB,2,NA,12,10,2,NYJ 10,NYJ 46,END_HALF,NA,0,NYJ 38,00:24,37,Timeout #2 by GB at 00:24.,no_play,0,0,0,0,0,0,0,NA,NA,NA,NA,NA,NA,NA,NA,NA,NA,0,0,0,0,0,0,0,0,4:00,3,0,0,0,0,0,0,0,0,NA,NA,NA,NA,NA,NA,NA,NA,NA,NA,PUNT
GB,2,NYJ,12,10,2,NYJ 10,NYJ 46,END_HALF,3,5,NYJ 38,00:24,37,(:24) (Shotgun) 7-G.Smith pass short left to 15-A.Mitchell to NYJ 46 for 8 yards (33-E.Williams).,pass,8,1,0,1,0,0,0,G.Smith,8,A.Mitchell,8,NA,NA,short,left,-4,12,0,1,1,0,0,0,0,0,4:00,3,0,0,0,0,0,0,0,0,NA,NA,NA,NA,NA,NA,NA,NA,NA,NA,PUNT
GB,2,NYJ,12,10,2,NYJ 10,NYJ 46,END_HALF,1,10,NYJ 46,00:12,37,(:12) (No Huddle) 7-G.Smith spiked the ball to stop the clock.,qb_spike,0,0,1,0,0,1,0,G.Smith,NA,NA,NA,NA,NA,NA,NA,-2,NA,0,0,0,0,0,0,1,0,4:00,3,0,0,0,0,0,0,0,0,NA,NA,NA,NA,NA,NA,NA,NA,NA,NA,PUNT
GB,2,NYJ,12,10,2,NYJ 10,NYJ 46,END_HALF,2,10,NYJ 46,00:11,37,(:11) (Shotgun) 7-G.Smith pass incomplete deep left to 15-A.Mitchell.,pass,0,1,0,1,0,0,0,G.Smith,NA,A.Mitchell,NA,NA,NA,deep,left,26,NA,0,0,0,0,0,0,1,0,4:00,3,0,0,0,0,0,0,0,0,NA,NA,NA,NA,NA,NA,NA,NA,NA,NA,PUNT
GB,2,NYJ,12,10,2,NYJ 10,NYJ 46,END_HALF,3,10,NYJ 46,00:05,37,(:05) (Shotgun) 7-G.Smith pass short right to 18-I.Williams to NYJ 47 for 1 yard (99-B.Sorrell).,pass,1,1,0,1,0,0,0,G.Smith,1,I.Williams,1,NA,NA,short,right,-5,6,0,0,0,1,0,0,0,0,4:00,3,0,0,0,0,0,0,0,0,NA,NA,NA,NA,NA,NA,NA,NA,NA,NA,PUNT
GB,2,NA,12,10,2,NYJ 10,NYJ 46,END_HALF,NA,0,GB 35,00:00,37,END QUARTER 2,NA,NA,0,0,NA,0,0,0,NA,NA,NA,NA,NA,NA,NA,NA,NA,NA,0,NA,NA,NA,NA,NA,NA,NA,4:00,3,0,0,0,NA,NA,NA,NA,NA,NA,NA,NA,NA,NA,NA,NA,NA,NA,NA,PUNT
GB,2,NYJ,4,11,3,NYJ 34,GB 48,PUNT,NA,0,GB 35,15:00,18,28-T.Smack kicks 57 yards from GB 35 to NYJ 8. 18-I.Williams to NYJ 34 for 26 yards (2-B.Cisse).,kickoff,0,0,0,0,0,0,0,NA,NA,NA,NA,NA,NA,NA,NA,NA,NA,0,0,0,0,0,0,0,0,2:35,1,0,0,0,0,0,0,0,0,NA,NA,NA,NA,NA,NA,NA,NA,NA,NA,KICKOFF
GB,2,NYJ,4,11,3,NYJ 34,GB 48,PUNT,1,10,NYJ 34,14:54,18,(14:54) (Shotgun) 7-G.Smith pass deep right to 5-G.Wilson to GB 49 for 17 yards (25-K.Nixon).,pass,17,1,0,1,0,0,0,G.Smith,17,G.Wilson,17,NA,NA,deep,right,17,0,0,1,0,0,0,0,0,0,2:35,1,0,0,0,0,0,0,0,0,NA,NA,NA,NA,NA,NA,NA,NA,NA,NA,KICKOFF
GB,2,NYJ,4,11,3,NYJ 34,GB 48,PUNT,1,10,GB 49,14:07,18,(14:07) (Shotgun) 7-G.Smith pass short right to 18-I.Williams to GB 45 for 4 yards (56-E.Cooper).,pass,4,1,0,1,0,0,0,G.Smith,4,I.Williams,4,NA,NA,short,right,0,4,0,0,0,0,0,0,0,0,2:35,1,0,0,0,0,0,0,0,0,NA,NA,NA,NA,NA,NA,NA,NA,NA,NA,KICKOFF
GB,2,NYJ,4,11,3,NYJ 34,GB 48,PUNT,2,6,GB 45,13:25,18,"(13:25) 20-B.Hall right guard to GB 48 for -3 yards (90-L.Van Ness, 44-Z.Franklin).",run,-3,0,0,0,0,0,0,NA,NA,NA,NA,B.Hall,-3,NA,NA,NA,NA,0,0,0,0,0,0,0,0,2:35,1,0,0,0,0,0,0,0,0,L.Van Ness,NA,NA,NA,NA,NA,NA,NA,NA,NA,KICKOFF
GB,2,NYJ,4,11,3,NYJ 34,GB 48,PUNT,3,9,GB 48,12:39,18,(12:39) (Shotgun) 7-G.Smith pass incomplete short right [90-L.Van Ness].,pass,0,1,0,1,0,0,0,G.Smith,NA,NA,NA,NA,NA,short,right,-7,NA,0,0,0,1,0,0,1,0,2:35,1,0,0,0,0,0,0,0,0,NA,NA,L.Van Ness,NA,NA,NA,NA,NA,NA,NA,KICKOFF
GB,2,NYJ,4,11,3,NYJ 34,GB 48,PUNT,4,9,GB 48,12:34,18,"(12:34) 14-A.McNamara punts 42 yards to GB 6, Center-42-T.Hennessy, downed by NYJ-37-Q.Stiggers. PENALTY on GB-51-D.Dennis-Sutton, Unnecessary Roughness, 3 yards, enforced at GB 6.",punt,0,0,0,0,0,0,0,NA,NA,NA,NA,NA,NA,NA,NA,NA,NA,0,0,0,0,0,0,0,0,2:35,1,0,0,0,1,0,0,1,0,NA,NA,NA,NA,NA,NA,NA,NA,NA,Unnecessary Roughness,KICKOFF
GB,2,GB,7,12,3,GB 3,GB 34,PUNT,1,10,GB 3,12:25,31,(12:25) (Shotgun) 32-M.Lloyd left guard to GB 6 for 3 yards (44-J.Sherwood).,run,3,1,0,0,0,0,0,NA,NA,NA,NA,M.Lloyd,3,NA,NA,NA,NA,0,0,0,0,0,0,0,0,4:55,3,0,0,13,0,0,0,0,0,NA,NA,NA,NA,NA,NA,NA,NA,NA,NA,PUNT
GB,2,GB,7,12,3,GB 3,GB 34,PUNT,2,7,GB 6,11:46,31,(11:46) (Shotgun) 10-J.Love pass short left to 0-M.Golden to GB 14 for 8 yards (56-D.Davis).,pass,8,1,0,1,0,0,0,J.Love,8,M.Golden,8,NA,NA,short,left,4,4,0,1,0,0,0,0,0,0,4:55,3,0,0,13,0,0,0,0,0,NA,NA,NA,NA,NA,NA,NA,NA,NA,NA,PUNT
GB,2,GB,7,12,3,GB 3,GB 34,PUNT,1,10,GB 14,11:10,31,"(11:10) (Shotgun) 10-J.Love pass incomplete deep left to 0-M.Golden. PENALTY on NYJ-21-B.Stephens, Defensive Pass Interference, 23 yards, enforced at GB 14 - No Play.",no_play,0,1,0,0,0,0,0,NA,NA,NA,NA,NA,NA,NA,NA,NA,NA,0,0,0,0,0,0,0,0,4:55,3,0,0,13,0,0,0,0,0,NA,NA,NA,NA,NA,NA,NA,NA,NA,Defensive Pass Interference,PUNT
GB,2,GB,7,12,3,GB 3,GB 34,PUNT,1,10,GB 37,11:05,31,"(11:05) 26-K.Johnson left end to GB 34 for -3 yards (56-D.Davis, 6-D.Belton). PENALTY on GB-85-T.Kraft, Offensive Holding, 10 yards, enforced at GB 37 - No Play.",no_play,0,0,0,0,0,0,0,NA,NA,NA,NA,NA,NA,NA,NA,NA,NA,0,0,0,0,0,0,0,0,4:55,3,0,0,13,0,0,0,0,0,NA,NA,NA,NA,NA,NA,NA,NA,NA,Offensive Holding,PUNT
GB,2,GB,7,12,3,GB 3,GB 34,PUNT,1,20,GB 27,10:37,31,"(10:37) (Shotgun) PENALTY on GB-77-J.Morgan, False Start, 5 yards, enforced at GB 27 - No Play.",no_play,0,1,0,0,0,0,0,NA,NA,NA,NA,NA,NA,NA,NA,NA,NA,0,0,0,0,0,0,0,0,4:55,3,0,0,13,0,0,0,0,0,NA,NA,NA,NA,NA,NA,NA,NA,NA,False Start,PUNT
GB,2,GB,7,12,3,GB 3,GB 34,PUNT,1,25,GB 22,10:14,31,"(10:14) (Shotgun) 10-J.Love sacked at GB 18 for -4 yards (91-J.Briggs). FUMBLES (91-J.Briggs), touched at GB 19, recovered by GB-67-D.Jennings at GB 24.",pass,-3,1,0,1,0,0,0,J.Love,NA,NA,NA,NA,NA,NA,NA,NA,NA,0,0,0,0,0,0,0,0,4:55,3,0,0,13,0,0,0,0,0,NA,NA,NA,NA,J.Love,J.Briggs,NA,NA,NA,NA,PUNT
GB,2,GB,7,12,3,GB 3,GB 34,PUNT,2,23,GB 24,09:18,31,(9:18) (Shotgun) 30-C.Brooks right guard to GB 28 for 4 yards (95-D.Jackson).,run,4,1,0,0,0,0,0,NA,NA,NA,NA,C.Brooks,4,NA,NA,NA,NA,0,0,0,0,0,0,0,0,4:55,3,0,0,13,0,0,0,0,0,NA,NA,NA,NA,NA,NA,NA,NA,NA,NA,PUNT
GB,2,GB,7,12,3,GB 3,GB 34,PUNT,3,19,GB 28,08:44,31,"(8:44) (No Huddle, Shotgun) 10-J.Love pass short left to 85-T.Kraft to GB 37 for 9 yards (44-J.Sherwood; 2-J.Brownlee) [31-D.Bailey]. PENALTY on NYJ-31-D.Bailey, Illegal Use of Hands, 5 yards, enforced at GB 28 - No Play.",no_play,0,1,1,0,0,0,0,NA,NA,NA,NA,NA,NA,NA,NA,NA,NA,0,0,0,0,0,0,0,0,4:55,3,0,0,13,0,0,0,0,0,NA,NA,NA,NA,NA,NA,NA,NA,NA,Illegal Use of Hands,PUNT
GB,2,GB,7,12,3,GB 3,GB 34,PUNT,1,10,GB 33,08:20,31,(8:20) 32-M.Lloyd right guard to GB 34 for 1 yard (99-T.Sweat; 91-J.Briggs).,run,1,0,0,0,0,0,0,NA,NA,NA,NA,M.Lloyd,1,NA,NA,NA,NA,0,0,0,0,0,0,0,0,4:55,3,0,0,13,0,0,0,0,0,NA,NA,NA,NA,NA,NA,NA,NA,NA,NA,PUNT
GB,2,GB,7,12,3,GB 3,GB 34,PUNT,2,9,GB 34,07:44,31,(7:44) 10-J.Love pass incomplete deep left to 9-C.Watson (8-A.Cisco).,pass,0,0,0,1,0,0,0,J.Love,NA,C.Watson,NA,NA,NA,deep,left,19,NA,0,0,0,0,0,0,1,0,4:55,3,0,0,13,0,0,0,0,0,NA,NA,NA,A.Cisco,NA,NA,NA,NA,NA,NA,PUNT
GB,2,GB,7,12,3,GB 3,GB 34,PUNT,3,9,GB 34,07:39,31,(7:39) (Shotgun) 10-J.Love pass incomplete short right to 9-C.Watson [8-A.Cisco].,pass,0,1,0,1,0,0,0,J.Love,NA,C.Watson,NA,NA,NA,short,right,-2,NA,0,0,0,1,0,0,1,0,4:55,3,0,0,13,0,0,0,0,0,NA,NA,A.Cisco,NA,NA,NA,NA,NA,NA,NA,PUNT
GB,2,GB,7,12,3,GB 3,GB 34,PUNT,4,9,GB 34,07:36,31,"(7:36) 19-D.Whelan punts 36 yards to NYJ 30, Center-42-M.Orzech, out of bounds.",punt,0,0,0,0,0,0,0,NA,NA,NA,NA,NA,NA,NA,NA,NA,NA,0,0,0,0,0,0,0,0,4:55,3,0,0,13,0,0,1,0,0,NA,NA,NA,NA,NA,NA,NA,NA,NA,NA,PUNT
GB,2,NYJ,10,13,3,NYJ 30,GB 5,TOUCHDOWN,1,10,NYJ 30,07:30,70,(7:30) 7-G.Smith pass short right to 20-B.Hall ran ob at NYJ 34 for 4 yards (51-D.Dennis-Sutton).,pass,4,0,0,1,0,0,0,G.Smith,4,B.Hall,4,NA,NA,short,right,1,3,0,0,0,0,0,0,0,0,5:00,6,1,1,6,0,0,0,0,0,NA,NA,NA,NA,NA,NA,NA,NA,NA,NA,PUNT
GB,2,NYJ,10,13,3,NYJ 30,GB 5,TOUCHDOWN,2,6,NYJ 34,06:58,70,(6:58) (Shotgun) 20-B.Hall left end to NYJ 36 for 2 yards (7-J.Bullard; 56-E.Cooper).,run,2,1,0,0,0,0,0,NA,NA,NA,NA,B.Hall,2,NA,NA,NA,NA,0,0,0,0,0,0,0,0,5:00,6,1,1,6,0,0,0,0,0,NA,NA,NA,NA,NA,NA,NA,NA,NA,NA,PUNT
GB,2,NYJ,10,13,3,NYJ 30,GB 5,TOUCHDOWN,3,4,NYJ 36,06:17,70,(6:17) (Shotgun) 7-G.Smith scrambles right tackle to NYJ 42 for 6 yards (33-E.Williams).,run,6,1,0,1,0,0,1,NA,NA,NA,NA,G.Smith,6,NA,NA,NA,NA,0,0,1,0,0,0,0,0,5:00,6,1,1,6,0,0,0,0,0,NA,NA,NA,NA,NA,NA,NA,NA,NA,NA,PUNT
GB,2,NYJ,10,13,3,NYJ 30,GB 5,TOUCHDOWN,1,10,NYJ 42,05:29,70,(5:29) 7-G.Smith pass incomplete short right to 16-K.Sadiq (33-E.Williams) [33-E.Williams].,pass,0,0,0,1,0,0,0,G.Smith,NA,K.Sadiq,NA,NA,NA,short,right,7,NA,0,0,0,0,0,0,1,0,5:00,6,1,1,6,0,0,0,0,0,NA,NA,E.Williams,E.Williams,NA,NA,NA,NA,NA,NA,PUNT
GB,2,NYJ,10,13,3,NYJ 30,GB 5,TOUCHDOWN,2,10,NYJ 42,05:25,70,(5:25) 20-B.Hall left end pushed ob at GB 44 for 14 yards (29-X.McKinney).,run,14,0,0,0,0,0,0,NA,NA,NA,NA,B.Hall,14,NA,NA,NA,NA,0,0,0,0,0,0,0,0,5:00,6,1,1,6,0,0,0,0,0,NA,NA,NA,NA,NA,NA,NA,NA,NA,NA,PUNT
GB,2,NYJ,10,13,3,NYJ 30,GB 5,TOUCHDOWN,1,10,GB 44,04:51,70,(4:51) 18-I.Williams right end pushed ob at GB 30 for 14 yards (7-J.Bullard).,run,14,0,0,0,0,0,0,NA,NA,NA,NA,I.Williams,14,NA,NA,NA,NA,0,0,0,0,0,0,0,0,5:00,6,1,1,6,0,0,0,0,0,NA,NA,NA,NA,NA,NA,NA,NA,NA,NA,PUNT
GB,2,NYJ,10,13,3,NYJ 30,GB 5,TOUCHDOWN,1,10,GB 30,04:15,70,(4:15) 7-G.Smith pass short right to 18-I.Williams to GB 21 for 9 yards (33-E.Williams).,pass,9,0,0,1,0,0,0,G.Smith,9,I.Williams,9,NA,NA,short,right,6,3,0,0,0,0,0,0,0,0,5:00,6,1,1,6,0,0,0,0,0,NA,NA,NA,NA,NA,NA,NA,NA,NA,NA,PUNT
GB,2,NYJ,10,13,3,NYJ 30,GB 5,TOUCHDOWN,2,1,GB 21,03:47,70,"(3:47) (No Huddle, Shotgun) 0-B.Allen up the middle to GB 19 for 2 yards (51-D.Dennis-Sutton).",run,2,1,1,0,0,0,0,NA,NA,NA,NA,B.Allen,2,NA,NA,NA,NA,0,0,0,0,0,0,0,0,5:00,6,1,1,6,0,0,0,0,0,NA,NA,NA,NA,NA,NA,NA,NA,NA,NA,PUNT
GB,2,NYJ,10,13,3,NYJ 30,GB 5,TOUCHDOWN,1,10,GB 19,03:05,70,"(3:05) (Shotgun) 7-G.Smith pass short right to 0-B.Allen to GB 11 for 8 yards (33-E.Williams). PENALTY on GB-90-L.Van Ness, Roughing the Passer, 6 yards, enforced at GB 11.",pass,8,1,0,1,0,0,0,G.Smith,8,B.Allen,8,NA,NA,short,right,3,5,0,0,0,0,0,0,0,0,5:00,6,1,1,6,0,0,0,0,0,NA,NA,NA,NA,NA,NA,NA,NA,NA,Roughing the Passer,PUNT
GB,2,NYJ,10,13,3,NYJ 30,GB 5,TOUCHDOWN,1,5,GB 5,02:35,70,"(2:35) (Shotgun) 7-G.Smith pass short right to 5-G.Wilson for 5 yards, TOUCHDOWN [90-L.Van Ness]. PENALTY on NYJ-7-G.Smith, Unsportsmanlike Conduct, 15 yards, enforced between downs.",pass,5,1,0,1,0,0,0,G.Smith,5,G.Wilson,5,NA,NA,short,right,4,1,1,1,0,0,0,0,0,0,5:00,6,1,1,6,0,0,0,0,0,NA,NA,L.Van Ness,NA,NA,NA,NA,NA,NA,Unsportsmanlike Conduct,PUNT
GB,2,NYJ,10,13,3,NYJ 30,GB 5,TOUCHDOWN,NA,0,GB 30,02:30,70,"19-J.Sanders extra point is GOOD, Center-42-T.Hennessy, Holder-14-A.McNamara.",extra_point,0,0,0,0,0,0,0,NA,NA,NA,NA,NA,NA,NA,NA,NA,NA,0,0,0,0,0,0,0,0,5:00,6,1,1,6,0,0,0,0,0,NA,NA,NA,NA,NA,NA,NA,NA,NA,NA,PUNT
GB,2,GB,3,14,3,GB 27,GB 34,PUNT,NA,0,NYJ 35,02:30,7,19-J.Sanders kicks 63 yards from NYJ 35 to GB 2. 23-S.Moore to GB 27 for 25 yards (55-B.McGregor).,kickoff,0,0,0,0,0,0,0,NA,NA,NA,NA,NA,NA,NA,NA,NA,NA,0,0,0,0,0,0,0,0,1:43,0,0,0,0,0,0,0,0,0,NA,NA,NA,NA,NA,NA,NA,NA,NA,NA,KICKOFF
GB,2,GB,3,14,3,GB 27,GB 34,PUNT,1,10,GB 27,02:25,7,"(2:25) 26-K.Johnson up the middle to GB 24 for -3 yards (44-J.Sherwood, 2-J.Brownlee).",run,-3,0,0,0,0,0,0,NA,NA,NA,NA,K.Johnson,-3,NA,NA,NA,NA,0,0,0,0,0,0,0,0,1:43,0,0,0,0,0,0,0,0,0,J.Sherwood,NA,NA,NA,NA,NA,NA,NA,NA,NA,KICKOFF
GB,2,GB,3,14,3,GB 27,GB 34,PUNT,2,13,GB 24,01:46,7,(1:46) 10-J.Love pass short middle to 85-T.Kraft to GB 34 for 10 yards (6-D.Belton; 55-B.McGregor).,pass,10,0,0,1,0,0,0,J.Love,10,T.Kraft,10,NA,NA,short,middle,6,4,0,0,0,0,0,0,0,0,1:43,0,0,0,0,0,0,0,0,0,NA,NA,NA,NA,NA,NA,NA,NA,NA,NA,KICKOFF
GB,2,GB,3,14,3,GB 27,GB 34,PUNT,3,3,GB 34,01:02,7,"(1:02) (No Huddle, Shotgun) 10-J.Love pass incomplete short left to 9-C.Watson.",pass,0,1,1,1,0,0,0,J.Love,NA,C.Watson,NA,NA,NA,short,left,4,NA,0,0,0,1,0,0,1,0,1:43,0,0,0,0,0,0,0,0,0,NA,NA,NA,NA,NA,NA,NA,NA,NA,NA,KICKOFF
GB,2,GB,3,14,3,GB 27,GB 34,PUNT,4,3,GB 34,00:59,7,"(:59) 19-D.Whelan punts 47 yards to NYJ 19, Center-42-M.Orzech, downed by GB-27-K.Oladapo.",punt,0,0,0,0,0,0,0,NA,NA,NA,NA,NA,NA,NA,NA,NA,NA,0,0,0,0,0,0,0,0,1:43,0,0,0,0,1,0,0,1,0,NA,NA,NA,NA,NA,NA,NA,NA,NA,NA,KICKOFF
GB,2,NYJ,6,15,3,NYJ 19,NYJ 43,PUNT,1,10,NYJ 19,00:47,24,(:47) 20-B.Hall up the middle to NYJ 22 for 3 yards (44-Z.Franklin; 99-B.Sorrell).,run,3,0,0,0,0,0,0,NA,NA,NA,NA,B.Hall,3,NA,NA,NA,NA,0,0,0,0,0,0,0,0,3:12,1,0,0,-5,0,0,0,0,0,NA,NA,NA,NA,NA,NA,NA,NA,NA,NA,PUNT
GB,2,NYJ,6,15,3,NYJ 19,NYJ 43,PUNT,2,7,NYJ 22,00:08,24,(:08) (Shotgun) 7-G.Smith pass incomplete short right.,pass,0,1,0,1,0,0,0,G.Smith,NA,NA,NA,NA,NA,short,right,-5,NA,0,0,0,0,0,0,1,0,3:12,1,0,0,-5,0,0,0,0,0,NA,NA,NA,NA,NA,NA,NA,NA,NA,NA,PUNT
GB,2,NYJ,6,15,3,NYJ 19,NYJ 43,PUNT,3,7,NYJ 22,00:04,24,"(:04) (Shotgun) PENALTY on NYJ-66-J.Tippmann, False Start, 5 yards, enforced at NYJ 22 - No Play.",no_play,0,1,0,0,0,0,0,NA,NA,NA,NA,NA,NA,NA,NA,NA,NA,0,0,0,0,0,0,0,0,3:12,1,0,0,-5,0,0,0,0,0,NA,NA,NA,NA,NA,NA,NA,NA,NA,False Start,PUNT
GB,2,NYJ,6,15,3,NYJ 19,NYJ 43,PUNT,3,12,NYJ 17,00:04,24,(:04) (Shotgun) 7-G.Smith pass short right to 20-B.Hall to GB 40 for 43 yards (25-K.Nixon).,pass,43,1,0,1,0,0,0,G.Smith,43,B.Hall,43,NA,NA,short,right,-6,49,0,1,1,0,0,0,0,0,3:12,1,0,0,-5,0,0,0,0,0,NA,NA,NA,NA,NA,NA,NA,NA,NA,NA,PUNT
GB,2,NYJ,6,15,3,NYJ 19,NYJ 43,PUNT,NA,0,GB 40,00:00,24,END QUARTER 3,NA,NA,0,0,NA,0,0,0,NA,NA,NA,NA,NA,NA,NA,NA,NA,NA,0,NA,NA,NA,NA,NA,NA,NA,3:12,1,0,0,-5,NA,NA,NA,NA,NA,NA,NA,NA,NA,NA,NA,NA,NA,NA,NA,PUNT
GB,2,NYJ,6,15,4,NYJ 19,NYJ 43,PUNT,1,10,GB 40,15:00,24,(15:00) 7-G.Smith scrambles left guard to GB 33 for 7 yards (99-B.Sorrell).,run,7,0,0,1,0,0,1,NA,NA,NA,NA,G.Smith,7,NA,NA,NA,NA,0,0,0,0,0,0,0,0,3:12,1,0,0,-5,0,0,0,0,0,NA,NA,NA,NA,NA,NA,NA,NA,NA,NA,PUNT
GB,2,NYJ,6,15,4,NYJ 19,NYJ 43,PUNT,2,3,GB 33,14:13,24,"(14:13) 7-G.Smith FUMBLES (Aborted) at GB 39, and recovers at GB 47.",run,0,0,0,0,0,0,0,NA,NA,NA,NA,G.Smith,0,NA,NA,NA,NA,0,0,0,0,0,0,0,0,3:12,1,0,0,-5,0,0,0,0,0,NA,NA,NA,NA,G.Smith,NA,NA,NA,NA,NA,PUNT
GB,2,NYJ,6,15,4,NYJ 19,NYJ 43,PUNT,3,17,GB 47,13:26,24,(13:26) (Shotgun) 7-G.Smith sacked at NYJ 43 for -10 yards (56-E.Cooper).,pass,-10,1,0,1,0,0,0,G.Smith,NA,NA,NA,NA,NA,NA,NA,NA,NA,0,0,0,1,0,0,0,0,3:12,1,0,0,-5,0,0,0,0,0,E.Cooper,NA,E.Cooper,NA,NA,E.Cooper,NA,NA,NA,NA,PUNT
GB,2,NYJ,6,15,4,NYJ 19,NYJ 43,PUNT,4,27,NYJ 43,12:47,24,"(12:47) 14-A.McNamara punts 41 yards to GB 16, Center-42-T.Hennessy. 23-S.Moore MUFFS catch, and recovers at GB 15. 23-S.Moore to GB 28 for 13 yards (50-T.Reeder). PENALTY on GB-55-C.McClellan, Unnecessary Roughness, 14 yards, enforced at GB 28.",punt,0,0,0,0,0,0,0,NA,NA,NA,NA,NA,NA,NA,NA,NA,NA,0,0,0,0,0,0,0,0,3:12,1,0,0,-5,0,0,0,0,0,NA,NA,NA,NA,S.Moore,NA,NA,NA,NA,Unnecessary Roughness,PUNT
GB,2,GB,1,16,4,GB 14,GB 14,FUMBLE,1,10,GB 14,12:35,2,"(12:35) 32-M.Lloyd left tackle to GB 16 for 2 yards (52-K.Enagbare; 56-D.Davis). FUMBLES (52-K.Enagbare), touched at GB 17, RECOVERED by NYJ-97-H.Phillips at GB 18.",run,2,0,0,0,0,0,0,NA,NA,NA,NA,M.Lloyd,2,NA,NA,NA,NA,0,0,0,0,0,0,0,0,0:08,0,0,0,0,0,0,0,0,0,NA,NA,NA,NA,M.Lloyd,NA,NA,NA,NA,NA,PUNT
GB,2,NYJ,4,17,4,GB 18,GB 14,FIELD_GOAL,1,10,GB 18,12:27,4,(12:27) (Shotgun) 20-B.Hall left tackle to GB 17 for 1 yard (33-E.Williams; 29-X.McKinney).,run,1,1,0,0,0,0,0,NA,NA,NA,NA,B.Hall,1,NA,NA,NA,NA,0,0,0,0,0,0,0,0,1:23,0,1,1,-5,0,0,0,0,0,NA,NA,NA,NA,NA,NA,NA,NA,NA,NA,FUMBLE
GB,2,NYJ,4,17,4,GB 18,GB 14,FIELD_GOAL,2,9,GB 17,12:03,4,"(12:03) (No Huddle, Shotgun) 7-G.Smith pass incomplete short left. Penalty on NYJ-71-J.Myers, Ineligible Downfield Pass, declined.",pass,0,1,1,1,0,0,0,G.Smith,NA,NA,NA,NA,NA,short,left,4,NA,0,0,0,0,0,0,1,0,1:23,0,1,1,-5,0,0,0,0,0,NA,NA,NA,NA,NA,NA,NA,NA,NA,NA,FUMBLE
GB,2,NYJ,4,17,4,GB 18,GB 14,FIELD_GOAL,3,9,GB 17,11:59,4,(11:59) (Shotgun) 7-G.Smith pass short right to 18-I.Williams to GB 9 for 8 yards (51-D.Dennis-Sutton; 56-E.Cooper).,pass,8,1,0,1,0,0,0,G.Smith,8,I.Williams,8,NA,NA,short,right,-3,11,0,0,0,1,0,0,0,0,1:23,0,1,1,-5,0,0,0,0,0,NA,NA,NA,NA,NA,NA,NA,NA,NA,NA,FUMBLE
GB,2,NYJ,4,17,4,GB 18,GB 14,FIELD_GOAL,4,1,GB 9,11:08,4,"(11:08) (No Huddle) PENALTY on NYJ, Delay of Game, 5 yards, enforced at GB 9 - No Play.",no_play,0,0,1,0,0,0,0,NA,NA,NA,NA,NA,NA,NA,NA,NA,NA,0,0,0,0,0,0,0,0,1:23,0,1,1,-5,0,0,0,0,0,NA,NA,NA,NA,NA,NA,NA,NA,NA,Delay of Game,FUMBLE
GB,2,NYJ,4,17,4,GB 18,GB 14,FIELD_GOAL,4,6,GB 14,11:08,4,"(11:08) 19-J.Sanders 32 yard field goal is GOOD, Center-42-T.Hennessy, Holder-14-A.McNamara.",field_goal,0,0,0,0,0,0,0,NA,NA,NA,NA,NA,NA,NA,NA,NA,NA,0,0,0,0,0,0,0,0,1:23,0,1,1,-5,0,0,0,0,0,NA,NA,NA,NA,NA,NA,NA,NA,NA,NA,FUMBLE
GB,2,GB,7,18,4,GB 27,NYJ 3,TOUCHDOWN,NA,0,NYJ 35,11:04,73,19-J.Sanders kicks 61 yards from NYJ 35 to GB 4. 23-S.Moore to GB 27 for 23 yards (32-I.Davis).,kickoff,0,0,0,0,0,0,0,NA,NA,NA,NA,NA,NA,NA,NA,NA,NA,0,0,0,0,0,0,0,0,3:06,4,1,1,23,0,0,0,0,0,NA,NA,NA,NA,NA,NA,NA,NA,NA,NA,KICKOFF
GB,2,GB,7,18,4,GB 27,NYJ 3,TOUCHDOWN,1,10,GB 27,10:58,73,(10:58) (Shotgun) 10-J.Love pass incomplete short right to 30-C.Brooks.,pass,0,1,0,1,0,0,0,J.Love,NA,C.Brooks,NA,NA,NA,short,right,2,NA,0,0,0,0,0,0,1,0,3:06,4,1,1,23,0,0,0,0,0,NA,NA,NA,NA,NA,NA,NA,NA,NA,NA,KICKOFF
GB,2,GB,7,18,4,GB 27,NYJ 3,TOUCHDOWN,2,10,GB 27,10:55,73,"(10:55) (No Huddle, Shotgun) 10-J.Love pass short left to 23-S.Moore pushed ob at GB 34 for 7 yards (21-B.Stephens).",pass,7,1,1,1,0,0,0,J.Love,7,S.Moore,7,NA,NA,short,left,3,4,0,0,0,0,0,0,0,0,3:06,4,1,1,23,0,0,0,0,0,NA,NA,NA,NA,NA,NA,NA,NA,NA,NA,KICKOFF
GB,2,GB,7,18,4,GB 27,NYJ 3,TOUCHDOWN,3,3,GB 34,10:35,73,"(10:35) (No Huddle, Shotgun) 10-J.Love pass short left to 0-M.Golden to NYJ 48 for 18 yards (1-A.Thomas).",pass,18,1,1,1,0,0,0,J.Love,18,M.Golden,18,NA,NA,short,left,8,10,0,1,1,0,0,0,0,0,3:06,4,1,1,23,0,0,0,0,0,NA,NA,NA,NA,NA,NA,NA,NA,NA,NA,KICKOFF
GB,2,GB,7,18,4,GB 27,NYJ 3,TOUCHDOWN,1,10,NYJ 48,10:12,73,"(10:12) (No Huddle, Shotgun) 10-J.Love scrambles right end pushed ob at NYJ 43 for 5 yards (2-J.Brownlee). PENALTY on GB-71-A.Belton, Offensive Holding, 10 yards, enforced at NYJ 48 - No Play.",no_play,0,1,1,0,0,0,1,NA,NA,NA,NA,NA,NA,NA,NA,NA,NA,0,0,0,0,0,0,0,0,3:06,4,1,1,23,0,0,0,0,0,NA,NA,NA,NA,NA,NA,NA,NA,NA,Offensive Holding,KICKOFF
GB,2,GB,7,18,4,GB 27,NYJ 3,TOUCHDOWN,1,20,GB 42,09:51,73,"(9:51) (Shotgun) 10-J.Love pass short right to 85-T.Kraft to NYJ 49 for 9 yards (56-D.Davis). PENALTY on GB, Illegal Formation, 5 yards, enforced at GB 42 - No Play.",no_play,0,1,0,0,0,0,0,NA,NA,NA,NA,NA,NA,NA,NA,NA,NA,0,0,0,0,0,0,0,0,3:06,4,1,1,23,0,0,0,0,0,NA,NA,NA,NA,NA,NA,NA,NA,NA,Illegal Formation,KICKOFF
GB,2,GB,7,18,4,GB 27,NYJ 3,TOUCHDOWN,1,25,GB 37,09:25,73,"(9:25) (Shotgun) 10-J.Love pass incomplete deep right to 0-M.Golden. PENALTY on NYJ-1-A.Thomas, Defensive Pass Interference, 38 yards, enforced at GB 37 - No Play.",no_play,0,1,0,0,0,0,0,NA,NA,NA,NA,NA,NA,NA,NA,NA,NA,0,0,0,0,0,0,0,0,3:06,4,1,1,23,0,0,0,0,0,NA,NA,NA,NA,NA,NA,NA,NA,NA,Defensive Pass Interference,KICKOFF
GB,2,GB,7,18,4,GB 27,NYJ 3,TOUCHDOWN,1,10,NYJ 25,09:19,73,(9:19) (Shotgun) 10-J.Love pass incomplete short middle to 85-T.Kraft.,pass,0,1,0,1,0,0,0,J.Love,NA,T.Kraft,NA,NA,NA,short,middle,7,NA,0,0,0,0,0,0,1,0,3:06,4,1,1,23,0,0,0,0,0,NA,NA,NA,NA,NA,NA,NA,NA,NA,NA,KICKOFF
GB,2,GB,7,18,4,GB 27,NYJ 3,TOUCHDOWN,2,10,NYJ 25,09:14,73,(9:14) (Shotgun) 10-J.Love pass short middle to 0-M.Golden to NYJ 7 for 18 yards (6-D.Belton; 21-B.Stephens).,pass,18,1,0,1,0,0,0,J.Love,18,M.Golden,18,NA,NA,short,middle,12,6,0,1,0,0,0,0,0,0,3:06,4,1,1,23,0,0,0,0,0,NA,NA,NA,NA,NA,NA,NA,NA,NA,NA,KICKOFF
GB,2,GB,7,18,4,GB 27,NYJ 3,TOUCHDOWN,1,7,NYJ 7,08:47,73,"(8:47) (No Huddle, Shotgun) 10-J.Love scrambles left tackle for 7 yards, TOUCHDOWN NULLIFIED by Penalty. Penalty on NYJ-44-J.Sherwood, Unnecessary Roughness, offsetting, enforced at NYJ 7 - No Play. Penalty on GB-71-A.Belton, Offensive Holding, offsetting.",no_play,NA,1,1,0,0,0,1,NA,NA,NA,NA,NA,NA,NA,NA,NA,NA,1,NA,NA,NA,NA,NA,NA,NA,3:06,4,1,1,23,NA,NA,NA,NA,NA,NA,NA,NA,NA,NA,NA,NA,NA,NA,NA,KICKOFF
GB,2,GB,7,18,4,GB 27,NYJ 3,TOUCHDOWN,1,7,NYJ 7,08:41,73,(8:41) (Shotgun) 30-C.Brooks up the middle to NYJ 3 for 4 yards (44-J.Sherwood; 95-D.Jackson).,run,4,1,0,0,0,0,0,NA,NA,NA,NA,C.Brooks,4,NA,NA,NA,NA,1,0,0,0,0,0,0,0,3:06,4,1,1,23,0,0,0,0,0,NA,NA,NA,NA,NA,NA,NA,NA,NA,NA,KICKOFF
GB,2,GB,7,18,4,GB 27,NYJ 3,TOUCHDOWN,2,3,NYJ 3,08:02,73,"(8:02) (Shotgun) 10-J.Love pass short middle to 9-C.Watson for 3 yards, TOUCHDOWN.",pass,3,1,0,1,0,0,0,J.Love,3,C.Watson,3,NA,NA,short,middle,3,0,1,1,0,0,0,0,0,0,3:06,4,1,1,23,0,0,0,0,0,NA,NA,NA,NA,NA,NA,NA,NA,NA,NA,KICKOFF
GB,2,GB,7,18,4,GB 27,NYJ 3,TOUCHDOWN,NA,0,NYJ 15,07:58,73,"28-T.Smack extra point is GOOD, Center-42-M.Orzech, Holder-19-D.Whelan.",extra_point,0,0,0,0,0,0,0,NA,NA,NA,NA,NA,NA,NA,NA,NA,NA,0,0,0,0,0,0,0,0,3:06,4,1,1,23,0,0,0,0,0,NA,NA,NA,NA,NA,NA,NA,NA,NA,NA,KICKOFF
GB,2,NYJ,4,19,4,NYJ 13,NYJ 31,PUNT,NA,0,GB 35,07:58,18,"28-T.Smack kicks 63 yards from GB 35 to NYJ 2. 18-I.Williams to NYJ 28 for 26 yards (59-T.Hopper; 36-K.Hadden). PENALTY on NYJ-32-I.Davis, Offensive Holding, 10 yards, enforced at NYJ 23.",kickoff,0,0,0,0,0,0,0,NA,NA,NA,NA,NA,NA,NA,NA,NA,NA,0,0,0,0,0,0,0,0,3:26,1,0,0,0,0,0,0,0,0,NA,NA,NA,NA,NA,NA,NA,NA,NA,Offensive Holding,KICKOFF
GB,2,NYJ,4,19,4,NYJ 13,NYJ 31,PUNT,1,10,NYJ 13,07:52,18,(7:52) (Shotgun) 7-G.Smith pass short left to 15-A.Mitchell to NYJ 24 for 11 yards (2-B.Cisse).,pass,11,1,0,1,0,0,0,G.Smith,11,A.Mitchell,11,NA,NA,short,left,7,4,0,1,0,0,0,0,0,0,3:26,1,0,0,0,0,0,0,0,0,NA,NA,NA,NA,NA,NA,NA,NA,NA,NA,KICKOFF
GB,2,NYJ,4,19,4,NYJ 13,NYJ 31,PUNT,1,10,NYJ 24,07:05,18,(7:05) 20-B.Hall left guard to NYJ 28 for 4 yards (99-B.Sorrell; 44-Z.Franklin).,run,4,0,0,0,0,0,0,NA,NA,NA,NA,B.Hall,4,NA,NA,NA,NA,0,0,0,0,0,0,0,0,3:26,1,0,0,0,0,0,0,0,0,NA,NA,NA,NA,NA,NA,NA,NA,NA,NA,KICKOFF
GB,2,NYJ,4,19,4,NYJ 13,NYJ 31,PUNT,2,6,NYJ 28,06:18,18,(6:18) 20-B.Hall right end to NYJ 27 for -1 yards (7-J.Bullard).,run,-1,0,0,0,0,0,0,NA,NA,NA,NA,B.Hall,-1,NA,NA,NA,NA,0,0,0,0,0,0,0,0,3:26,1,0,0,0,0,0,0,0,0,J.Bullard,NA,NA,NA,NA,NA,NA,NA,NA,NA,KICKOFF
GB,2,NA,4,19,4,NYJ 13,NYJ 31,PUNT,NA,0,NYJ 27,05:31,18,Timeout #1 by NYJ at 05:31.,no_play,0,0,0,0,0,0,0,NA,NA,NA,NA,NA,NA,NA,NA,NA,NA,0,0,0,0,0,0,0,0,3:26,1,0,0,0,0,0,0,0,0,NA,NA,NA,NA,NA,NA,NA,NA,NA,NA,KICKOFF
GB,2,NYJ,4,19,4,NYJ 13,NYJ 31,PUNT,3,7,NYJ 27,05:31,18,(5:31) (Shotgun) 7-G.Smith pass short left to 18-I.Williams to NYJ 31 for 4 yards (29-X.McKinney).,pass,4,1,0,1,0,0,0,G.Smith,4,I.Williams,4,NA,NA,short,left,4,0,0,0,0,1,0,0,0,0,3:26,1,0,0,0,0,0,0,0,0,NA,NA,NA,NA,NA,NA,NA,NA,NA,NA,KICKOFF
GB,2,NYJ,4,19,4,NYJ 13,NYJ 31,PUNT,4,3,NYJ 31,04:49,18,"(4:49) 14-A.McNamara punts 51 yards to GB 18, Center-42-T.Hennessy. 23-S.Moore pushed ob at NYJ 19 for 63 yards (82-A.Smith).",punt,0,0,0,0,0,0,0,NA,NA,NA,NA,NA,NA,NA,NA,NA,NA,0,0,0,0,0,0,0,0,3:26,1,0,0,0,0,0,0,0,0,NA,NA,NA,NA,NA,NA,NA,NA,NA,NA,KICKOFF
GB,2,GB,4,20,4,NYJ 19,NYJ 16,FIELD_GOAL,1,10,NYJ 19,04:32,3,(4:32) 30-C.Brooks left guard to NYJ 15 for 4 yards (99-T.Sweat).,run,4,0,0,0,0,0,0,NA,NA,NA,NA,C.Brooks,4,NA,NA,NA,NA,0,0,0,0,0,0,0,0,1:33,0,1,1,0,0,0,0,0,0,NA,NA,NA,NA,NA,NA,NA,NA,NA,NA,PUNT
GB,2,GB,4,20,4,NYJ 19,NYJ 16,FIELD_GOAL,2,6,NYJ 15,03:51,3,"(3:51) 30-C.Brooks left guard to NYJ 16 for -1 yards (56-D.Davis, 91-J.Briggs).",run,-1,0,0,0,0,0,0,NA,NA,NA,NA,C.Brooks,-1,NA,NA,NA,NA,0,0,0,0,0,0,0,0,1:33,0,1,1,0,0,0,0,0,0,D.Davis,NA,NA,NA,NA,NA,NA,NA,NA,NA,PUNT
GB,2,GB,4,20,4,NYJ 19,NYJ 16,FIELD_GOAL,3,7,NYJ 16,03:09,3,(3:09) (Shotgun) 10-J.Love pass incomplete short right to 9-C.Watson.,pass,0,1,0,1,0,0,0,J.Love,NA,C.Watson,NA,NA,NA,short,right,3,NA,0,0,0,1,0,0,1,0,1:33,0,1,1,0,0,0,0,0,0,NA,NA,NA,NA,NA,NA,NA,NA,NA,NA,PUNT
GB,2,GB,4,20,4,NYJ 19,NYJ 16,FIELD_GOAL,4,7,NYJ 16,03:03,3,"(3:03) 28-T.Smack 34 yard field goal is GOOD, Center-42-M.Orzech, Holder-19-D.Whelan.",field_goal,0,0,0,0,0,0,0,NA,NA,NA,NA,NA,NA,NA,NA,NA,NA,0,0,0,0,0,0,0,0,1:33,0,1,1,0,0,0,0,0,0,NA,NA,NA,NA,NA,NA,NA,NA,NA,NA,PUNT
GB,2,NYJ,5,21,4,NYJ 30,50,DOWNS,NA,0,GB 35,02:59,20,28-T.Smack kicks 63 yards from GB 35 to NYJ 2. 18-I.Williams to NYJ 30 for 28 yards (36-K.Hadden; 94-K.Brooks).,kickoff,0,0,0,0,0,0,0,NA,NA,NA,NA,NA,NA,NA,NA,NA,NA,0,0,0,0,0,0,0,0,1:44,1,0,0,0,0,0,0,0,0,NA,NA,NA,NA,NA,NA,NA,NA,NA,NA,KICKOFF
GB,2,NYJ,5,21,4,NYJ 30,50,DOWNS,1,10,NYJ 30,02:54,20,"(2:54) (Shotgun) 7-G.Smith pass short right to 5-G.Wilson to NYJ 41 for 11 yards (25-K.Nixon). Penalty on GB-25-K.Nixon, Defensive Pass Interference, declined.",pass,11,1,0,1,0,0,0,G.Smith,11,G.Wilson,11,NA,NA,short,right,11,0,0,1,0,0,0,0,0,0,1:44,1,0,0,0,0,0,0,0,0,NA,NA,NA,NA,NA,NA,NA,NA,NA,NA,KICKOFF
GB,2,NYJ,5,21,4,NYJ 30,50,DOWNS,1,10,NYJ 41,02:48,20,(2:48) (Shotgun) 7-G.Smith pass incomplete deep right to 15-A.Mitchell (33-E.Williams).,pass,0,1,0,1,0,0,0,G.Smith,NA,A.Mitchell,NA,NA,NA,deep,right,43,NA,0,0,0,0,0,0,1,0,1:44,1,0,0,0,0,0,0,0,0,NA,NA,NA,E.Williams,NA,NA,NA,NA,NA,NA,KICKOFF
GB,2,NYJ,5,21,4,NYJ 30,50,DOWNS,2,10,NYJ 41,02:40,20,(2:40) (Shotgun) 7-G.Smith pass short right to 5-G.Wilson to NYJ 49 for 8 yards (90-L.Van Ness).,pass,8,1,0,1,0,0,0,G.Smith,8,G.Wilson,8,NA,NA,short,right,6,2,0,0,0,0,0,0,0,0,1:44,1,0,0,0,0,0,0,0,0,NA,NA,NA,NA,NA,NA,NA,NA,NA,NA,KICKOFF
GB,2,NYJ,5,21,4,NYJ 30,50,DOWNS,3,2,NYJ 49,02:00,20,(2:00) (Shotgun) 20-B.Hall left guard to 50 for 1 yard (94-K.Brooks; 90-L.Van Ness).,run,1,1,0,0,0,0,0,NA,NA,NA,NA,B.Hall,1,NA,NA,NA,NA,0,0,0,1,0,0,0,0,1:44,1,0,0,0,0,0,0,0,0,NA,NA,NA,NA,NA,NA,NA,NA,NA,NA,KICKOFF
GB,2,NYJ,5,21,4,NYJ 30,50,DOWNS,4,1,MID 50,01:20,20,(1:20) (Shotgun) 0-B.Allen right guard to 50 for no gain (90-L.Van Ness).,run,0,1,0,0,0,0,0,NA,NA,NA,NA,B.Allen,0,NA,NA,NA,NA,0,0,0,0,0,1,0,0,1:44,1,0,0,0,0,0,0,0,0,NA,NA,NA,NA,NA,NA,NA,NA,NA,NA,KICKOFF
GB,2,GB,4,22,4,50,50,DOWNS,1,10,MID 50,01:15,-5,(1:15) (Shotgun) 10-J.Love pass incomplete short middle to 9-C.Watson.,pass,0,1,0,1,0,0,0,J.Love,NA,C.Watson,NA,NA,NA,short,middle,10,NA,0,0,0,0,0,0,1,0,1:15,0,0,0,-5,0,0,0,0,0,NA,NA,NA,NA,NA,NA,NA,NA,NA,NA,DOWNS
GB,2,NA,4,22,4,50,50,DOWNS,NA,0,MID 50,01:11,-5,Timeout #1 by GB at 01:11.,no_play,0,0,0,0,0,0,0,NA,NA,NA,NA,NA,NA,NA,NA,NA,NA,0,0,0,0,0,0,0,0,1:15,0,0,0,-5,0,0,0,0,0,NA,NA,NA,NA,NA,NA,NA,NA,NA,NA,DOWNS
GB,2,GB,4,22,4,50,50,DOWNS,2,10,MID 50,01:11,-5,(1:11) (Shotgun) 10-J.Love pass incomplete deep right to 0-M.Golden.,pass,0,1,0,1,0,0,0,J.Love,NA,M.Golden,NA,NA,NA,deep,right,44,NA,0,0,0,0,0,0,1,0,1:15,0,0,0,-5,0,0,0,0,0,NA,NA,NA,NA,NA,NA,NA,NA,NA,NA,DOWNS
GB,2,GB,4,22,4,50,50,DOWNS,3,10,MID 50,01:05,-5,(1:05) (Shotgun) 10-J.Love pass short right to 9-C.Watson to NYJ 45 for 5 yards (6-D.Belton).,pass,5,1,0,1,0,0,0,J.Love,5,C.Watson,5,NA,NA,short,right,5,0,0,0,0,1,0,0,0,0,1:15,0,0,0,-5,0,0,0,0,0,NA,NA,NA,NA,NA,NA,NA,NA,NA,NA,DOWNS
GB,2,GB,4,22,4,50,50,DOWNS,4,5,NYJ 45,00:21,-5,"(:21) (Shotgun) PENALTY on GB, Delay of Game, 5 yards, enforced at NYJ 45 - No Play. 10-second runoff.",no_play,0,1,0,0,0,0,0,NA,NA,NA,NA,NA,NA,NA,NA,NA,NA,0,0,0,0,0,0,0,0,1:15,0,0,0,-5,0,0,0,0,0,NA,NA,NA,NA,NA,NA,NA,NA,NA,Delay of Game,DOWNS
GB,2,NA,4,22,4,50,50,DOWNS,NA,0,NA,00:02,-5,Timeout #2 by GB at 00:02.,no_play,0,0,0,0,0,0,0,NA,NA,NA,NA,NA,NA,NA,NA,NA,NA,0,0,0,0,0,0,0,0,1:15,0,0,0,-5,0,0,0,0,0,NA,NA,NA,NA,NA,NA,NA,NA,NA,NA,DOWNS
GB,2,NA,4,22,4,50,50,DOWNS,NA,0,MID 50,00:02,-5,Timeout #2 by NYJ at 00:02.,no_play,0,0,0,0,0,0,0,NA,NA,NA,NA,NA,NA,NA,NA,NA,NA,0,0,0,0,0,0,0,0,1:15,0,0,0,-5,0,0,0,0,0,NA,NA,NA,NA,NA,NA,NA,NA,NA,NA,DOWNS
GB,2,GB,4,22,4,50,50,DOWNS,4,10,MID 50,00:02,-5,(:02) (Shotgun) 10-J.Love sacked at GB 45 for -5 yards (52-K.Enagbare).,pass,-5,1,0,1,0,0,0,J.Love,NA,NA,NA,NA,NA,NA,NA,NA,NA,0,0,0,0,0,1,0,0,1:15,0,0,0,-5,0,0,0,0,0,K.Enagbare,NA,K.Enagbare,NA,NA,K.Enagbare,NA,NA,NA,NA,DOWNS
GB,2,NA,NA,NA,4,NA,NA,NA,NA,0,GB 35,00:00,NA,END QUARTER 4,NA,NA,0,0,NA,0,0,0,NA,NA,NA,NA,NA,NA,NA,NA,NA,NA,0,NA,NA,NA,NA,NA,NA,NA,NA,NA,NA,NA,NA,NA,NA,NA,NA,NA,NA,NA,NA,NA,NA,NA,NA,NA,NA,NA,NA
GB,2,NYJ,3,23,5,NYJ 30,NYJ 22,PUNT,NA,0,GB 35,10:00,-8,28-T.Smack kicks 60 yards from GB 35 to NYJ 5. 18-I.Williams to NYJ 30 for 25 yards (58-I.McDuffie; 33-E.Williams).,kickoff,0,0,0,0,0,0,0,NA,NA,NA,NA,NA,NA,NA,NA,NA,NA,0,0,0,0,0,0,0,0,2:31,0,0,0,-5,0,0,0,0,0,NA,NA,NA,NA,NA,NA,NA,NA,NA,NA,KICKOFF
GB,2,NYJ,3,23,5,NYJ 30,NYJ 22,PUNT,1,10,NYJ 30,09:54,-8,(9:54) 7-G.Smith sacked at NYJ 24 for -6 yards (sack split by 99-B.Sorrell and 2-B.Cisse).,pass,-6,0,0,1,0,0,0,G.Smith,NA,NA,NA,NA,NA,NA,NA,NA,NA,0,0,0,0,0,0,0,0,2:31,0,0,0,-5,0,0,0,0,0,NA,NA,B.Sorrell,NA,NA,NA,B.Sorrell,B.Cisse,NA,NA,KICKOFF
GB,2,NYJ,3,23,5,NYJ 30,NYJ 22,PUNT,2,16,NYJ 24,09:12,-8,(9:12) (Shotgun) 7-G.Smith sacked at NYJ 15 for -9 yards (sack split by 90-L.Van Ness and 51-D.Dennis-Sutton).,pass,-9,1,0,1,0,0,0,G.Smith,NA,NA,NA,NA,NA,NA,NA,NA,NA,0,0,0,0,0,0,0,0,2:31,0,0,0,-5,0,0,0,0,0,NA,NA,L.Van Ness,NA,NA,NA,L.Van Ness,D.Dennis-Sutton,NA,NA,KICKOFF
GB,2,NYJ,3,23,5,NYJ 30,NYJ 22,PUNT,3,25,NYJ 15,08:23,-8,"(8:23) (Shotgun) PENALTY on NYJ-18-I.Williams, False Start, 5 yards, enforced at NYJ 15 - No Play.",no_play,0,1,0,0,0,0,0,NA,NA,NA,NA,NA,NA,NA,NA,NA,NA,0,0,0,0,0,0,0,0,2:31,0,0,0,-5,0,0,0,0,0,NA,NA,NA,NA,NA,NA,NA,NA,NA,False Start,KICKOFF
GB,2,NYJ,3,23,5,NYJ 30,NYJ 22,PUNT,3,30,NYJ 10,08:23,-8,(8:23) (Shotgun) 7-G.Smith pass short left to 16-K.Sadiq to NYJ 22 for 12 yards (51-D.Dennis-Sutton; 7-J.Bullard).,pass,12,1,0,1,0,0,0,G.Smith,12,K.Sadiq,12,NA,NA,short,left,4,8,0,0,0,1,0,0,0,0,2:31,0,0,0,-5,0,0,0,0,0,NA,NA,NA,NA,NA,NA,NA,NA,NA,NA,KICKOFF
GB,2,NYJ,3,23,5,NYJ 30,NYJ 22,PUNT,4,18,NYJ 22,07:41,-8,"(7:41) 44-J.Sherwood reported in as eligible. 14-A.McNamara punts 56 yards to GB 22, Center-42-T.Hennessy. 23-S.Moore to GB 34 for 12 yards (42-T.Hennessy; 50-T.Reeder). NYJ-82-A.Smith was injured during the play.",punt,0,0,0,0,0,0,0,NA,NA,NA,NA,NA,NA,NA,NA,NA,NA,0,0,0,0,0,0,0,0,2:31,0,0,0,-5,0,0,0,0,0,NA,NA,NA,NA,NA,NA,NA,NA,NA,NA,KICKOFF
GB,2,GB,5,24,5,GB 34,NYJ 8,FIELD_GOAL,1,10,GB 34,07:29,58,(7:29) 26-K.Johnson left end pushed ob at GB 45 for 11 yards (8-A.Cisco).,run,11,0,0,0,0,0,0,NA,NA,NA,NA,K.Johnson,11,NA,NA,NA,NA,0,0,0,0,0,0,0,0,2:06,4,1,1,15,0,0,0,0,0,NA,NA,NA,NA,NA,NA,NA,NA,NA,NA,PUNT
GB,2,GB,5,24,5,GB 34,NYJ 8,FIELD_GOAL,1,10,GB 45,06:55,58,(6:55) 26-K.Johnson left tackle to GB 48 for 3 yards (99-T.Sweat; 91-J.Briggs).,run,3,0,0,0,0,0,0,NA,NA,NA,NA,K.Johnson,3,NA,NA,NA,NA,0,0,0,0,0,0,0,0,2:06,4,1,1,15,0,0,0,0,0,NA,NA,NA,NA,NA,NA,NA,NA,NA,NA,PUNT
GB,2,GB,5,24,5,GB 34,NYJ 8,FIELD_GOAL,2,7,GB 48,06:17,58,"(6:17) (Shotgun) 10-J.Love pass short right to 30-C.Brooks pushed ob at NYJ 37 for 15 yards (2-J.Brownlee). PENALTY on NYJ-2-J.Brownlee, Unnecessary Roughness, 15 yards, enforced at NYJ 37.",pass,15,1,0,1,0,0,0,J.Love,15,C.Brooks,15,NA,NA,short,right,-4,19,0,1,0,0,0,0,0,0,2:06,4,1,1,15,0,0,0,0,0,NA,NA,NA,NA,NA,NA,NA,NA,NA,Unnecessary Roughness,PUNT
GB,2,GB,5,24,5,GB 34,NYJ 8,FIELD_GOAL,1,10,NYJ 22,05:54,58,(5:54) 10-J.Love pass short left to 0-M.Golden pushed ob at NYJ 8 for 14 yards (8-A.Cisco).,pass,14,0,0,1,0,0,0,J.Love,14,M.Golden,14,NA,NA,short,left,2,12,0,1,0,0,0,0,0,0,2:06,4,1,1,15,0,0,0,0,0,NA,NA,NA,NA,NA,NA,NA,NA,NA,NA,PUNT
GB,2,NA,5,24,5,GB 34,NYJ 8,FIELD_GOAL,NA,0,NA,05:26,58,Timeout #1 by GB at 05:26.,no_play,0,0,0,0,0,0,0,NA,NA,NA,NA,NA,NA,NA,NA,NA,NA,0,0,0,0,0,0,0,0,2:06,4,1,1,15,0,0,0,0,0,NA,NA,NA,NA,NA,NA,NA,NA,NA,NA,PUNT
GB,2,NA,5,24,5,GB 34,NYJ 8,FIELD_GOAL,NA,0,NYJ 8,05:26,58,Timeout #1 by NYJ at 05:26.,no_play,0,0,0,0,0,0,0,NA,NA,NA,NA,NA,NA,NA,NA,NA,NA,0,0,0,0,0,0,0,0,2:06,4,1,1,15,0,0,0,0,0,NA,NA,NA,NA,NA,NA,NA,NA,NA,NA,PUNT
GB,2,GB,5,24,5,GB 34,NYJ 8,FIELD_GOAL,1,8,NYJ 8,05:26,58,"(5:26) 28-T.Smack 26 yard field goal is GOOD, Center-42-M.Orzech, Holder-19-D.Whelan.",field_goal,0,0,0,0,0,0,0,NA,NA,NA,NA,NA,NA,NA,NA,NA,NA,1,0,0,0,0,0,0,0,2:06,4,1,1,15,0,0,0,0,0,NA,NA,NA,NA,NA,NA,NA,NA,NA,NA,PUNT
GB,2,NYJ,NA,NA,5,NA,NA,NA,NA,0,NA,05:23,NA,END GAME,NA,NA,0,0,NA,0,0,0,NA,NA,NA,NA,NA,NA,NA,NA,NA,NA,0,NA,NA,NA,NA,NA,NA,NA,NA,NA,NA,NA,NA,NA,NA,NA,NA,NA,NA,NA,NA,NA,NA,NA,NA,NA,NA,NA,NA
ATL,3,NA,NA,NA,1,NA,NA,NA,NA,0,GB 35,15:00,NA,GAME,NA,NA,0,0,NA,0,0,0,NA,NA,NA,NA,NA,NA,NA,NA,NA,NA,0,NA,NA,NA,NA,NA,NA,NA,NA,NA,NA,NA,NA,NA,NA,NA,NA,NA,NA,NA,NA,NA,NA,NA,NA,NA,NA,NA,NA
ATL,3,ATL,4,1,1,ATL 30,GB 49,INTERCEPTION,NA,0,GB 35,15:00,21,28-T.Smack kicks 59 yards from GB 35 to ATL 6. 15-Br.Robinson to ATL 30 for 24 yards (16-B.Melton).,kickoff,0,0,0,0,0,0,0,NA,NA,NA,NA,NA,NA,NA,NA,NA,NA,0,0,0,0,0,0,0,0,1:33,1,0,0,0,0,0,0,0,0,NA,NA,NA,NA,NA,NA,NA,NA,NA,NA,KICKOFF
ATL,3,ATL,4,1,1,ATL 30,GB 49,INTERCEPTION,1,10,ATL 30,14:55,21,(14:55) 7-Bi.Robinson left tackle to ATL 34 for 4 yards (95-D.Wyatt).,run,4,0,0,0,0,0,0,NA,NA,NA,NA,Bi.Robinson,4,NA,NA,NA,NA,0,0,0,0,0,0,0,0,1:33,1,0,0,0,0,0,0,0,0,NA,NA,NA,NA,NA,NA,NA,NA,NA,NA,KICKOFF
ATL,3,ATL,4,1,1,ATL 30,GB 49,INTERCEPTION,2,6,ATL 34,14:22,21,(14:22) (Shotgun) 9-M.Penix pass short left to 7-Bi.Robinson to GB 49 for 17 yards (44-Z.Franklin; 2-B.Cisse).,pass,17,1,0,1,0,0,0,M.Penix,17,Bi.Robinson,17,NA,NA,short,left,-6,23,0,1,0,0,0,0,0,0,1:33,1,0,0,0,0,0,0,0,0,NA,NA,NA,NA,NA,NA,NA,NA,NA,NA,KICKOFF
ATL,3,ATL,4,1,1,ATL 30,GB 49,INTERCEPTION,1,10,GB 49,13:38,21,(13:38) (Shotgun) 9-M.Penix pass incomplete deep left to 4-J.Dotson.,pass,0,1,0,1,0,0,0,M.Penix,NA,J.Dotson,NA,NA,NA,deep,left,29,NA,0,0,0,0,0,0,1,0,1:33,1,0,0,0,0,0,0,0,0,NA,NA,NA,NA,NA,NA,NA,NA,NA,NA,KICKOFF
ATL,3,ATL,4,1,1,ATL 30,GB 49,INTERCEPTION,2,10,GB 49,13:33,21,(13:33) (Shotgun) 9-M.Penix pass short middle intended for 4-J.Dotson INTERCEPTED by 29-X.McKinney at GB 40. 29-X.McKinney to GB 45 for 5 yards (5-D.London).,pass,0,1,0,1,0,0,0,M.Penix,NA,J.Dotson,NA,NA,NA,short,middle,9,NA,0,0,0,0,0,0,0,1,1:33,1,0,0,0,0,0,0,0,0,NA,NA,NA,X.McKinney,NA,NA,NA,NA,NA,NA,KICKOFF
ATL,3,GB,3,2,1,GB 45,GB 46,PUNT,1,10,GB 45,13:27,1,(13:27) 10-J.Love pass short left to 85-T.Kraft to ATL 49 for 6 yards (31-X.Watts) [54-B.Dorlus].,pass,6,0,0,1,0,0,0,J.Love,6,T.Kraft,6,NA,NA,short,left,2,4,0,0,0,0,0,0,0,0,0:54,0,0,0,-5,0,0,0,0,0,NA,NA,B.Dorlus,NA,NA,NA,NA,NA,NA,NA,INTERCEPTION
ATL,3,GB,3,2,1,GB 45,GB 46,PUNT,2,4,ATL 49,12:52,1,(12:52) (Shotgun) 10-J.Love pass incomplete short left to 32-M.Lloyd.,pass,0,1,0,1,0,0,0,J.Love,NA,M.Lloyd,NA,NA,NA,short,left,-2,NA,0,0,0,0,0,0,1,0,0:54,0,0,0,-5,0,0,0,0,0,NA,NA,NA,NA,NA,NA,NA,NA,NA,NA,INTERCEPTION
ATL,3,GB,3,2,1,GB 45,GB 46,PUNT,3,4,ATL 49,12:48,1,(12:48) (Shotgun) 10-J.Love pass incomplete short right to 9-C.Watson.,pass,0,1,0,1,0,0,0,J.Love,NA,C.Watson,NA,NA,NA,short,right,9,NA,0,0,0,1,0,0,1,0,0:54,0,0,0,-5,0,0,0,0,0,NA,NA,NA,NA,NA,NA,NA,NA,NA,NA,INTERCEPTION
ATL,3,GB,3,2,1,GB 45,GB 46,PUNT,4,4,ATL 49,12:45,1,"(12:45) (Shotgun) PENALTY on GB-52-J.Burton, False Start, 5 yards, enforced at ATL 49 - No Play.",no_play,0,1,0,0,0,0,0,NA,NA,NA,NA,NA,NA,NA,NA,NA,NA,0,0,0,0,0,0,0,0,0:54,0,0,0,-5,0,0,0,0,0,NA,NA,NA,NA,NA,NA,NA,NA,NA,False Start,INTERCEPTION
ATL,3,GB,3,2,1,GB 45,GB 46,PUNT,4,9,GB 46,12:45,1,"(12:45) 19-D.Whelan punts 41 yards to ATL 13, Center-42-M.Orzech. 14-O.Zaccheaus to ATL 17 for 4 yards (16-B.Melton; 59-T.Hopper).",punt,0,0,0,0,0,0,0,NA,NA,NA,NA,NA,NA,NA,NA,NA,NA,0,0,0,0,0,0,0,0,0:54,0,0,0,-5,1,0,0,0,0,NA,NA,NA,NA,NA,NA,NA,NA,NA,NA,INTERCEPTION
ATL,3,ATL,5,3,1,ATL 17,ATL 26,PUNT,1,10,ATL 17,12:33,9,(12:33) (Shotgun) 7-Bi.Robinson right tackle to ATL 24 for 7 yards (33-E.Williams).,run,7,1,0,0,0,0,0,NA,NA,NA,NA,Bi.Robinson,7,NA,NA,NA,NA,0,0,0,0,0,0,0,0,2:27,1,0,0,0,0,0,0,0,0,NA,NA,NA,NA,NA,NA,NA,NA,NA,NA,PUNT
ATL,3,ATL,5,3,1,ATL 17,ATL 26,PUNT,2,3,ATL 24,11:52,9,(11:52) 7-Bi.Robinson left guard to ATL 27 for 3 yards (55-C.McClellan; 44-Z.Franklin).,run,3,0,0,0,0,0,0,NA,NA,NA,NA,Bi.Robinson,3,NA,NA,NA,NA,0,0,0,0,0,0,0,0,2:27,1,0,0,0,0,0,0,0,0,NA,NA,NA,NA,NA,NA,NA,NA,NA,NA,PUNT
ATL,3,ATL,5,3,1,ATL 17,ATL 26,PUNT,1,10,ATL 27,11:07,9,(11:07) 9-M.Penix pass incomplete short middle to 8-K.Pitts.,pass,0,0,0,1,0,0,0,M.Penix,NA,K.Pitts,NA,NA,NA,short,middle,3,NA,0,0,0,0,0,0,1,0,2:27,1,0,0,0,0,0,0,0,0,NA,NA,NA,NA,NA,NA,NA,NA,NA,NA,PUNT
ATL,3,ATL,5,3,1,ATL 17,ATL 26,PUNT,2,10,ATL 27,11:03,9,"(11:03) (Shotgun) 7-Bi.Robinson up the middle to ATL 26 for -1 yards (57-B.Cox, 44-Z.Franklin).",run,-1,1,0,0,0,0,0,NA,NA,NA,NA,Bi.Robinson,-1,NA,NA,NA,NA,0,0,0,0,0,0,0,0,2:27,1,0,0,0,0,0,0,0,0,B.Cox,NA,NA,NA,NA,NA,NA,NA,NA,NA,PUNT
ATL,3,ATL,5,3,1,ATL 17,ATL 26,PUNT,3,11,ATL 26,10:19,9,(10:19) (Shotgun) 9-M.Penix pass incomplete deep left to 17-Z.Branch.,pass,0,1,0,1,0,0,0,M.Penix,NA,Z.Branch,NA,NA,NA,deep,left,17,NA,0,0,0,1,0,0,1,0,2:27,1,0,0,0,0,0,0,0,0,NA,NA,NA,NA,NA,NA,NA,NA,NA,NA,PUNT
ATL,3,ATL,5,3,1,ATL 17,ATL 26,PUNT,4,11,ATL 26,10:15,9,"(10:15) 16-J.Bailey punts 61 yards to GB 13, Center-49-L.McCullough, fair catch by 23-S.Moore.",punt,0,0,0,0,0,0,0,NA,NA,NA,NA,NA,NA,NA,NA,NA,NA,0,0,0,0,0,0,0,0,2:27,1,0,0,0,1,0,0,0,1,NA,NA,NA,NA,NA,NA,NA,NA,NA,NA,PUNT
ATL,3,GB,9,4,1,GB 13,ATL 4,TOUCHDOWN,1,10,GB 13,10:06,87,"(10:06) 26-K.Johnson right end to GB 12 for -1 yards (96-Z.Harrison, 53-K.Daniels).",run,-1,0,0,0,0,0,0,NA,NA,NA,NA,K.Johnson,-1,NA,NA,NA,NA,0,0,0,0,0,0,0,0,4:53,5,1,1,5,0,0,0,0,0,Z.Harrison,NA,NA,NA,NA,NA,NA,NA,NA,NA,PUNT
ATL,3,GB,9,4,1,GB 13,ATL 4,TOUCHDOWN,2,11,GB 12,09:23,87,(9:23) (Shotgun) 10-J.Love pass incomplete deep right to 0-M.Golden.,pass,0,1,0,1,0,0,0,J.Love,NA,M.Golden,NA,NA,NA,deep,right,22,NA,0,0,0,0,0,0,1,0,4:53,5,1,1,5,0,0,0,0,0,NA,NA,NA,NA,NA,NA,NA,NA,NA,NA,PUNT
ATL,3,GB,9,4,1,GB 13,ATL 4,TOUCHDOWN,3,11,GB 12,09:18,87,(9:18) (Shotgun) 10-J.Love pass deep right to 0-M.Golden to ATL 43 for 45 yards (21-M.Hughes).,pass,45,1,0,1,0,0,0,J.Love,45,M.Golden,45,NA,NA,deep,right,40,5,0,1,1,0,0,0,0,0,4:53,5,1,1,5,0,0,0,0,0,NA,NA,NA,NA,NA,NA,NA,NA,NA,NA,PUNT
ATL,3,GB,9,4,1,GB 13,ATL 4,TOUCHDOWN,1,10,ATL 43,08:44,87,"(8:44) (Shotgun) 26-K.Johnson left end to ATL 38 for 5 yards (29-S.Brown). PENALTY on GB-9-C.Watson, Offensive Holding, 10 yards, enforced at ATL 43 - No Play.",no_play,0,1,0,0,0,0,0,NA,NA,NA,NA,NA,NA,NA,NA,NA,NA,0,0,0,0,0,0,0,0,4:53,5,1,1,5,0,0,0,0,0,NA,NA,NA,NA,NA,NA,NA,NA,NA,Offensive Holding,PUNT
ATL,3,GB,9,4,1,GB 13,ATL 4,TOUCHDOWN,1,20,GB 47,08:21,87,"(8:21) (Shotgun) 10-J.Love pass short left to 32-M.Lloyd pushed ob at ATL 43 for 10 yards (21-M.Hughes). PENALTY on ATL-56-H.Perkins, Unnecessary Roughness, 15 yards, enforced at ATL 43.",pass,10,1,0,1,0,0,0,J.Love,10,M.Lloyd,10,NA,NA,short,left,-6,16,0,0,0,0,0,0,0,0,4:53,5,1,1,5,0,0,0,0,0,NA,NA,NA,NA,NA,NA,NA,NA,NA,Unnecessary Roughness,PUNT
ATL,3,GB,9,4,1,GB 13,ATL 4,TOUCHDOWN,1,10,ATL 28,07:56,87,(7:56) (Shotgun) 32-M.Lloyd right guard to ATL 22 for 6 yards (31-X.Watts).,run,6,1,0,0,0,0,0,NA,NA,NA,NA,M.Lloyd,6,NA,NA,NA,NA,0,0,0,0,0,0,0,0,4:53,5,1,1,5,0,0,0,0,0,NA,NA,NA,NA,NA,NA,NA,NA,NA,NA,PUNT
ATL,3,NA,9,4,1,GB 13,ATL 4,TOUCHDOWN,NA,0,ATL 22,07:10,87,Timeout #1 by GB at 07:10.,no_play,0,0,0,0,0,0,0,NA,NA,NA,NA,NA,NA,NA,NA,NA,NA,0,0,0,0,0,0,0,0,4:53,5,1,1,5,0,0,0,0,0,NA,NA,NA,NA,NA,NA,NA,NA,NA,NA,PUNT
ATL,3,GB,9,4,1,GB 13,ATL 4,TOUCHDOWN,2,4,ATL 22,07:10,87,(7:10) 10-J.Love pass short right to 85-T.Kraft pushed ob at ATL 14 for 8 yards (26-C.Henderson).,pass,8,0,0,1,0,0,0,J.Love,8,T.Kraft,8,NA,NA,short,right,3,5,0,1,0,0,0,0,0,0,4:53,5,1,1,5,0,0,0,0,0,NA,NA,NA,NA,NA,NA,NA,NA,NA,NA,PUNT
ATL,3,GB,9,4,1,GB 13,ATL 4,TOUCHDOWN,1,10,ATL 14,06:38,87,(6:38) (Shotgun) 10-J.Love pass short middle to 23-S.Moore to ATL 5 for 9 yards (29-S.Brown) [95-G.Dexter].,pass,9,1,0,1,0,0,0,J.Love,9,S.Moore,9,NA,NA,short,middle,3,6,0,0,0,0,0,0,0,0,4:53,5,1,1,5,0,0,0,0,0,NA,NA,G.Dexter,NA,NA,NA,NA,NA,NA,NA,PUNT
ATL,3,GB,9,4,1,GB 13,ATL 4,TOUCHDOWN,2,1,ATL 5,06:03,87,(6:03) 32-M.Lloyd up the middle to ATL 4 for 1 yard (95-G.Dexter). The first down was assisted by replay.,run,1,0,0,0,0,0,0,NA,NA,NA,NA,M.Lloyd,1,NA,NA,NA,NA,0,0,0,0,0,0,0,0,4:53,5,1,1,5,0,0,0,0,0,NA,NA,NA,NA,NA,NA,NA,NA,NA,NA,PUNT
ATL,3,GB,9,4,1,GB 13,ATL 4,TOUCHDOWN,1,4,ATL 4,05:17,87,"(5:17) 10-J.Love pass short middle to 9-C.Watson for 4 yards, TOUCHDOWN.",pass,4,0,0,1,0,0,0,J.Love,4,C.Watson,4,NA,NA,short,middle,4,0,1,1,0,0,0,0,0,0,4:53,5,1,1,5,0,0,0,0,0,NA,NA,NA,NA,NA,NA,NA,NA,NA,NA,PUNT
ATL,3,GB,9,4,1,GB 13,ATL 4,TOUCHDOWN,NA,0,ATL 15,05:13,87,"28-T.Smack extra point is GOOD, Center-42-M.Orzech, Holder-19-D.Whelan.",extra_point,0,0,0,0,0,0,0,NA,NA,NA,NA,NA,NA,NA,NA,NA,NA,0,0,0,0,0,0,0,0,4:53,5,1,1,5,0,0,0,0,0,NA,NA,NA,NA,NA,NA,NA,NA,NA,NA,PUNT
ATL,3,ATL,7,5,1,ATL 15,GB 3,TOUCHDOWN,NA,0,GB 35,05:13,85,"28-T.Smack kicks 62 yards from GB 35 to ATL 3. 17-Z.Branch to ATL 28 for 25 yards (31-N.Niemann; 58-I.McDuffie). PENALTY on ATL-42-J.Woods, Offensive Holding, 10 yards, enforced at ATL 25.",kickoff,0,0,0,0,0,0,0,NA,NA,NA,NA,NA,NA,NA,NA,NA,NA,0,0,0,0,0,0,0,0,3:41,4,1,1,5,0,0,0,0,0,NA,NA,NA,NA,NA,NA,NA,NA,NA,Offensive Holding,KICKOFF
ATL,3,ATL,7,5,1,ATL 15,GB 3,TOUCHDOWN,1,10,ATL 15,05:07,85,(5:07) (Shotgun) 9-M.Penix pass short right to 8-K.Pitts to ATL 20 for 5 yards (29-X.McKinney).,pass,5,1,0,1,0,0,0,M.Penix,5,K.Pitts,5,NA,NA,short,right,5,0,0,0,0,0,0,0,0,0,3:41,4,1,1,5,0,0,0,0,0,NA,NA,NA,NA,NA,NA,NA,NA,NA,NA,KICKOFF
ATL,3,ATL,7,5,1,ATL 15,GB 3,TOUCHDOWN,2,5,ATL 20,04:32,85,(4:32) 15-Br.Robinson left tackle to ATL 26 for 6 yards (44-Z.Franklin).,run,6,0,0,0,0,0,0,NA,NA,NA,NA,Br.Robinson,6,NA,NA,NA,NA,0,0,0,0,0,0,0,0,3:41,4,1,1,5,0,0,0,0,0,NA,NA,NA,NA,NA,NA,NA,NA,NA,NA,KICKOFF
ATL,3,ATL,7,5,1,ATL 15,GB 3,TOUCHDOWN,1,10,ATL 26,03:57,85,(3:57) 15-Br.Robinson left end to ATL 35 for 9 yards (29-X.McKinney; 7-J.Bullard).,run,9,0,0,0,0,0,0,NA,NA,NA,NA,Br.Robinson,9,NA,NA,NA,NA,0,0,0,0,0,0,0,0,3:41,4,1,1,5,0,0,0,0,0,NA,NA,NA,NA,NA,NA,NA,NA,NA,NA,KICKOFF
ATL,3,ATL,7,5,1,ATL 15,GB 3,TOUCHDOWN,2,1,ATL 35,03:14,85,"(3:14) 9-M.Penix pass incomplete short middle [90-L.Van Ness]. PENALTY on ATL-9-M.Penix, Intentional Grounding, 10 yards, enforced at ATL 35.",pass,0,0,0,1,0,0,0,M.Penix,NA,NA,NA,NA,NA,short,middle,-5,NA,0,0,0,0,0,0,1,0,3:41,4,1,1,5,0,0,0,0,0,NA,NA,L.Van Ness,NA,NA,NA,NA,NA,NA,Intentional Grounding,KICKOFF
ATL,3,ATL,7,5,1,ATL 15,GB 3,TOUCHDOWN,3,11,ATL 25,03:10,85,"(3:10) (Shotgun) 9-M.Penix pass incomplete deep left to 5-D.London. PENALTY on GB-57-B.Cox, Roughing the Passer, 15 yards, enforced at ATL 25 - No Play.",no_play,0,1,0,0,0,0,0,NA,NA,NA,NA,NA,NA,NA,NA,NA,NA,0,0,0,0,0,0,0,0,3:41,4,1,1,5,0,0,0,0,0,NA,NA,NA,NA,NA,NA,NA,NA,NA,Roughing the Passer,KICKOFF
ATL,3,ATL,7,5,1,ATL 15,GB 3,TOUCHDOWN,1,10,ATL 40,03:06,85,(3:06) 7-Bi.Robinson left end to GB 5 for 55 yards (44-Z.Franklin; 51-D.Dennis-Sutton).,run,55,0,0,0,0,0,0,NA,NA,NA,NA,Bi.Robinson,55,NA,NA,NA,NA,0,0,0,0,0,0,0,0,3:41,4,1,1,5,0,0,0,0,0,NA,NA,NA,NA,NA,NA,NA,NA,NA,NA,KICKOFF
ATL,3,ATL,7,5,1,ATL 15,GB 3,TOUCHDOWN,1,5,GB 5,02:15,85,(2:15) 7-Bi.Robinson up the middle to GB 3 for 2 yards (44-Z.Franklin).,run,2,0,0,0,0,0,0,NA,NA,NA,NA,Bi.Robinson,2,NA,NA,NA,NA,1,0,0,0,0,0,0,0,3:41,4,1,1,5,0,0,0,0,0,NA,NA,NA,NA,NA,NA,NA,NA,NA,NA,KICKOFF
ATL,3,ATL,7,5,1,ATL 15,GB 3,TOUCHDOWN,2,3,GB 3,01:35,85,"(1:35) 7-Bi.Robinson left tackle for 3 yards, TOUCHDOWN.",run,3,0,0,0,0,0,0,NA,NA,NA,NA,Bi.Robinson,3,NA,NA,NA,NA,1,0,0,0,0,0,0,0,3:41,4,1,1,5,0,0,0,0,0,NA,NA,NA,NA,NA,NA,NA,NA,NA,NA,KICKOFF
ATL,3,ATL,7,5,1,ATL 15,GB 3,TOUCHDOWN,NA,0,GB 15,01:32,85,"6-N.Folk extra point is GOOD, Center-49-L.McCullough, Holder-16-J.Bailey.",extra_point,0,0,0,0,0,0,0,NA,NA,NA,NA,NA,NA,NA,NA,NA,NA,0,0,0,0,0,0,0,0,3:41,4,1,1,5,0,0,0,0,0,NA,NA,NA,NA,NA,NA,NA,NA,NA,NA,KICKOFF
ATL,3,GB,3,6,1,GB 31,GB 37,PUNT,NA,0,ATL 35,01:32,6,6-N.Folk kicks 55 yards from ATL 35 to GB 10. 16-B.Melton to GB 31 for 21 yards (45-C.Harris).,kickoff,0,0,0,0,0,0,0,NA,NA,NA,NA,NA,NA,NA,NA,NA,NA,0,0,0,0,0,0,0,0,1:44,0,0,0,0,0,0,0,0,0,NA,NA,NA,NA,NA,NA,NA,NA,NA,NA,KICKOFF
ATL,3,GB,3,6,1,GB 31,GB 37,PUNT,1,10,GB 31,01:27,6,(1:27) 10-J.Love pass short right to 32-M.Lloyd to GB 28 for -3 yards (53-K.Daniels).,pass,-3,0,0,1,0,0,0,J.Love,-3,M.Lloyd,-3,NA,NA,short,right,-4,1,0,0,0,0,0,0,0,0,1:44,0,0,0,0,0,0,0,0,0,K.Daniels,NA,NA,NA,NA,NA,NA,NA,NA,NA,KICKOFF
ATL,3,GB,3,6,1,GB 31,GB 37,PUNT,2,13,GB 28,00:41,6,(:41) (Shotgun) 10-J.Love pass incomplete deep left to 0-M.Golden (33-B.Bowman).,pass,0,1,0,1,0,0,0,J.Love,NA,M.Golden,NA,NA,NA,deep,left,25,NA,0,0,0,0,0,0,1,0,1:44,0,0,0,0,0,0,0,0,0,NA,NA,NA,B.Bowman,NA,NA,NA,NA,NA,NA,KICKOFF
ATL,3,GB,3,6,1,GB 31,GB 37,PUNT,3,13,GB 28,00:36,6,(:36) (Shotgun) 10-J.Love pass short left to 85-T.Kraft to GB 37 for 9 yards (55-Z.Smith; 0-D.Deablo) [99-C.Thomas].,pass,9,1,0,1,0,0,0,J.Love,9,T.Kraft,9,NA,NA,short,left,1,8,0,0,0,1,0,0,0,0,1:44,0,0,0,0,0,0,0,0,0,NA,NA,C.Thomas,NA,NA,NA,NA,NA,NA,NA,KICKOFF
ATL,3,GB,3,6,1,GB 31,GB 37,PUNT,NA,0,GB 37,00:00,6,END QUARTER 1,NA,NA,0,0,NA,0,0,0,NA,NA,NA,NA,NA,NA,NA,NA,NA,NA,0,NA,NA,NA,NA,NA,NA,NA,1:44,0,0,0,0,NA,NA,NA,NA,NA,NA,NA,NA,NA,NA,NA,NA,NA,NA,NA,KICKOFF
ATL,3,GB,3,6,2,GB 31,GB 37,PUNT,4,4,GB 37,15:00,6,"(15:00) 19-D.Whelan punts 64 yards to ATL -1, Center-42-M.Orzech. 17-Z.Branch pushed ob at ATL 17 for 18 yards (59-T.Hopper).",punt,0,0,0,0,0,0,0,NA,NA,NA,NA,NA,NA,NA,NA,NA,NA,0,0,0,0,0,0,0,0,1:44,0,0,0,0,1,1,0,0,0,NA,NA,NA,NA,NA,NA,NA,NA,NA,NA,KICKOFF
ATL,3,ATL,7,7,2,ATL 17,GB 41,PUNT,1,10,ATL 17,14:48,42,(14:48) 9-M.Penix pass short left to 17-Z.Branch to ATL 24 for 7 yards (56-E.Cooper; 44-Z.Franklin).,pass,7,0,0,1,0,0,0,M.Penix,7,Z.Branch,7,NA,NA,short,left,-4,11,0,0,0,0,0,0,0,0,4:14,3,0,0,0,0,0,0,0,0,NA,NA,NA,NA,NA,NA,NA,NA,NA,NA,PUNT
ATL,3,ATL,7,7,2,ATL 17,GB 41,PUNT,2,3,ATL 24,14:05,42,(14:05) 7-Bi.Robinson left end to ATL 28 for 4 yards (2-B.Cisse).,run,4,0,0,0,0,0,0,NA,NA,NA,NA,Bi.Robinson,4,NA,NA,NA,NA,0,0,0,0,0,0,0,0,4:14,3,0,0,0,0,0,0,0,0,NA,NA,NA,NA,NA,NA,NA,NA,NA,NA,PUNT
ATL,3,ATL,7,7,2,ATL 17,GB 41,PUNT,1,10,ATL 28,13:21,42,(13:21) (Shotgun) 9-M.Penix pass short right to 4-J.Dotson to ATL 39 for 11 yards (29-X.McKinney).,pass,11,1,0,1,0,0,0,M.Penix,11,J.Dotson,11,NA,NA,short,right,6,5,0,1,0,0,0,0,0,0,4:14,3,0,0,0,0,0,0,0,0,NA,NA,NA,NA,NA,NA,NA,NA,NA,NA,PUNT
ATL,3,ATL,7,7,2,ATL 17,GB 41,PUNT,1,10,ATL 39,12:43,42,(12:43) 15-Br.Robinson left end to GB 45 for 16 yards (33-E.Williams).,run,16,0,0,0,0,0,0,NA,NA,NA,NA,Br.Robinson,16,NA,NA,NA,NA,0,0,0,0,0,0,0,0,4:14,3,0,0,0,0,0,0,0,0,NA,NA,NA,NA,NA,NA,NA,NA,NA,NA,PUNT
ATL,3,ATL,7,7,2,ATL 17,GB 41,PUNT,1,10,GB 45,11:58,42,(11:58) (Shotgun) 9-M.Penix pass incomplete short left to 5-D.London (98-J.Hargrave).,pass,0,1,0,1,0,0,0,M.Penix,NA,D.London,NA,NA,NA,short,left,15,NA,0,0,0,0,0,0,1,0,4:14,3,0,0,0,0,0,0,0,0,NA,NA,NA,J.Hargrave,NA,NA,NA,NA,NA,NA,PUNT
ATL,3,ATL,7,7,2,ATL 17,GB 41,PUNT,2,10,GB 45,11:53,42,(11:53) (Shotgun) 7-Bi.Robinson left guard to GB 45 for no gain (2-B.Cisse; 90-L.Van Ness).,run,0,1,0,0,0,0,0,NA,NA,NA,NA,Bi.Robinson,0,NA,NA,NA,NA,0,0,0,0,0,0,0,0,4:14,3,0,0,0,0,0,0,0,0,NA,NA,NA,NA,NA,NA,NA,NA,NA,NA,PUNT
ATL,3,ATL,7,7,2,ATL 17,GB 41,PUNT,3,10,GB 45,11:12,42,(11:12) (Shotgun) 9-M.Penix pass short right to 5-D.London pushed ob at GB 41 for 4 yards (7-J.Bullard).,pass,4,1,0,1,0,0,0,M.Penix,4,D.London,4,NA,NA,short,right,-3,7,0,0,0,1,0,0,0,0,4:14,3,0,0,0,0,0,0,0,0,NA,NA,NA,NA,NA,NA,NA,NA,NA,NA,PUNT
ATL,3,ATL,7,7,2,ATL 17,GB 41,PUNT,4,6,GB 41,10:41,42,"(10:41) 16-J.Bailey punts 30 yards to GB 11, Center-49-L.McCullough, fair catch by 23-S.Moore.",punt,0,0,0,0,0,0,0,NA,NA,NA,NA,NA,NA,NA,NA,NA,NA,0,0,0,0,0,0,0,0,4:14,3,0,0,0,1,0,0,0,1,NA,NA,NA,NA,NA,NA,NA,NA,NA,NA,PUNT
ATL,3,GB,3,8,2,GB 11,GB 12,PUNT,1,10,GB 11,10:34,1,(10:34) 26-K.Johnson right end to GB 12 for 1 yard (26-C.Henderson).,run,1,0,0,0,0,0,0,NA,NA,NA,NA,K.Johnson,1,NA,NA,NA,NA,0,0,0,0,0,0,0,0,0:59,0,0,0,0,0,0,0,0,0,NA,NA,NA,NA,NA,NA,NA,NA,NA,NA,PUNT
ATL,3,GB,3,8,2,GB 11,GB 12,PUNT,2,9,GB 12,09:51,1,(9:51) (Shotgun) 10-J.Love pass incomplete deep right to 85-T.Kraft.,pass,0,1,0,1,0,0,0,J.Love,NA,T.Kraft,NA,NA,NA,deep,right,23,NA,0,0,0,0,0,0,1,0,0:59,0,0,0,0,0,0,0,0,0,NA,NA,NA,NA,NA,NA,NA,NA,NA,NA,PUNT
ATL,3,GB,3,8,2,GB 11,GB 12,PUNT,3,9,GB 12,09:46,1,"(9:46) (Shotgun) 10-J.Love sacked at GB 3 for -9 yards (0-D.Deablo). FUMBLES (0-D.Deablo) [0-D.Deablo], RECOVERED by ATL-26-C.Henderson at GB 17. 26-C.Henderson to GB 13 for 4 yards (23-S.Moore). The Replay Official reviewed the fumble ruling, and the play was REVERSED. (Shotgun) 10-J.Love pass incomplete short middle to 23-S.Moore (0-D.Deablo) [0-D.Deablo].",pass,0,1,0,1,0,0,0,J.Love,NA,S.Moore,NA,NA,NA,short,middle,3,NA,0,0,0,1,0,0,1,0,0:59,0,0,0,0,0,0,0,0,0,NA,NA,D.Deablo,D.Deablo,NA,NA,NA,NA,reversed,NA,PUNT
ATL,3,GB,3,8,2,GB 11,GB 12,PUNT,4,9,GB 12,09:42,1,"(9:42) 19-D.Whelan punts 52 yards to ATL 36, Center-42-M.Orzech, fair catch by 17-Z.Branch.",punt,0,0,0,0,0,0,0,NA,NA,NA,NA,NA,NA,NA,NA,NA,NA,0,0,0,0,0,0,0,0,0:59,0,0,0,0,0,0,0,0,1,NA,NA,NA,NA,NA,NA,NA,NA,NA,NA,PUNT
ATL,3,ATL,8,9,2,ATL 36,GB 26,FIELD_GOAL,1,10,ATL 36,09:35,38,(9:35) 9-M.Penix pass short left to 5-D.London pushed ob at ATL 43 for 7 yards (33-E.Williams).,pass,7,0,0,1,0,0,0,M.Penix,7,D.London,7,NA,NA,short,left,0,7,0,0,0,0,0,0,0,0,4:47,2,0,1,0,0,0,0,0,0,NA,NA,NA,NA,NA,NA,NA,NA,NA,NA,PUNT
ATL,3,ATL,8,9,2,ATL 36,GB 26,FIELD_GOAL,2,3,ATL 43,09:05,38,(9:05) 7-Bi.Robinson right end to GB 49 for 8 yards (56-E.Cooper).,run,8,0,0,0,0,0,0,NA,NA,NA,NA,Bi.Robinson,8,NA,NA,NA,NA,0,0,0,0,0,0,0,0,4:47,2,0,1,0,0,0,0,0,0,NA,NA,NA,NA,NA,NA,NA,NA,NA,NA,PUNT
ATL,3,ATL,8,9,2,ATL 36,GB 26,FIELD_GOAL,1,10,GB 49,08:24,38,(8:24) (Shotgun) 9-M.Penix pass short left to 14-O.Zaccheaus to GB 44 for 5 yards (94-K.Brooks).,pass,5,1,0,1,0,0,0,M.Penix,5,O.Zaccheaus,5,NA,NA,short,left,-4,9,0,0,0,0,0,0,0,0,4:47,2,0,1,0,0,0,0,0,0,NA,NA,NA,NA,NA,NA,NA,NA,NA,NA,PUNT
ATL,3,ATL,8,9,2,ATL 36,GB 26,FIELD_GOAL,2,5,GB 44,07:46,38,(7:46) (Shotgun) 7-Bi.Robinson right end to GB 34 for 10 yards (25-K.Nixon; 7-J.Bullard).,run,10,1,0,0,0,0,0,NA,NA,NA,NA,Bi.Robinson,10,NA,NA,NA,NA,0,0,0,0,0,0,0,0,4:47,2,0,1,0,0,0,0,0,0,NA,NA,NA,NA,NA,NA,NA,NA,NA,NA,PUNT
ATL,3,ATL,8,9,2,ATL 36,GB 26,FIELD_GOAL,1,10,GB 34,07:01,38,(7:01) 15-Br.Robinson left tackle to GB 37 for -3 yards (56-E.Cooper).,run,-3,0,0,0,0,0,0,NA,NA,NA,NA,Br.Robinson,-3,NA,NA,NA,NA,0,0,0,0,0,0,0,0,4:47,2,0,1,0,0,0,0,0,0,E.Cooper,NA,NA,NA,NA,NA,NA,NA,NA,NA,PUNT
ATL,3,ATL,8,9,2,ATL 36,GB 26,FIELD_GOAL,2,13,GB 37,06:18,38,(6:18) (Shotgun) 9-M.Penix pass short right to 5-D.London to GB 30 for 7 yards (29-X.McKinney).,pass,7,1,0,1,0,0,0,M.Penix,7,D.London,7,NA,NA,short,right,-4,11,0,0,0,0,0,0,0,0,4:47,2,0,1,0,0,0,0,0,0,NA,NA,NA,NA,NA,NA,NA,NA,NA,NA,PUNT
ATL,3,ATL,8,9,2,ATL 36,GB 26,FIELD_GOAL,3,6,GB 30,05:34,38,(5:34) (Shotgun) 9-M.Penix pass short right to 14-O.Zaccheaus to GB 26 for 4 yards (56-E.Cooper; 25-K.Nixon).,pass,4,1,0,1,0,0,0,M.Penix,4,O.Zaccheaus,4,NA,NA,short,right,4,0,0,0,0,1,0,0,0,0,4:47,2,0,1,0,0,0,0,0,0,NA,NA,NA,NA,NA,NA,NA,NA,NA,NA,PUNT
ATL,3,ATL,8,9,2,ATL 36,GB 26,FIELD_GOAL,4,2,GB 26,04:53,38,"(4:53) 6-N.Folk 44 yard field goal is GOOD, Center-49-L.McCullough, Holder-16-J.Bailey.",field_goal,0,0,0,0,0,0,0,NA,NA,NA,NA,NA,NA,NA,NA,NA,NA,0,0,0,0,0,0,0,0,4:47,2,0,1,0,0,0,0,0,0,NA,NA,NA,NA,NA,NA,NA,NA,NA,NA,PUNT
ATL,3,GB,4,10,2,GB 33,ATL 28,MISSED_FG,NA,0,ATL 35,04:48,39,6-N.Folk kicks 57 yards from ATL 35 to GB 8. 23-S.Moore to GB 33 for 25 yards (87-N.Muse).,kickoff,0,0,0,0,0,0,0,NA,NA,NA,NA,NA,NA,NA,NA,NA,NA,0,0,0,0,0,0,0,0,1:06,1,0,0,34,0,0,0,0,0,NA,NA,NA,NA,NA,NA,NA,NA,NA,NA,KICKOFF
ATL,3,GB,4,10,2,GB 33,ATL 28,MISSED_FG,1,10,GB 33,04:44,39,"(4:44) (Shotgun) 10-J.Love pass incomplete deep left to 0-M.Golden. PENALTY on ATL-21-M.Hughes, Defensive Pass Interference, 34 yards, enforced at GB 33 - No Play.",no_play,0,1,0,0,0,0,0,NA,NA,NA,NA,NA,NA,NA,NA,NA,NA,0,0,0,0,0,0,0,0,1:06,1,0,0,34,0,0,0,0,0,NA,NA,NA,NA,NA,NA,NA,NA,NA,Defensive Pass Interference,KICKOFF
ATL,3,GB,4,10,2,GB 33,ATL 28,MISSED_FG,1,10,ATL 33,04:38,39,(4:38) (Shotgun) 26-K.Johnson left guard to ATL 28 for 5 yards (94-L.London; 31-X.Watts).,run,5,1,0,0,0,0,0,NA,NA,NA,NA,K.Johnson,5,NA,NA,NA,NA,0,0,0,0,0,0,0,0,1:06,1,0,0,34,0,0,0,0,0,NA,NA,NA,NA,NA,NA,NA,NA,NA,NA,KICKOFF
ATL,3,GB,4,10,2,GB 33,ATL 28,MISSED_FG,2,5,ATL 28,03:57,39,(3:57) (Shotgun) 10-J.Love pass incomplete short right to 9-C.Watson (26-C.Henderson).,pass,0,1,0,1,0,0,0,J.Love,NA,C.Watson,NA,NA,NA,short,right,5,NA,0,0,0,0,0,0,1,0,1:06,1,0,0,34,0,0,0,0,0,NA,NA,NA,C.Henderson,NA,NA,NA,NA,NA,NA,KICKOFF
ATL,3,GB,4,10,2,GB 33,ATL 28,MISSED_FG,3,5,ATL 28,03:53,39,(3:53) (Shotgun) 10-J.Love pass incomplete deep right to 0-M.Golden (26-C.Henderson).,pass,0,1,0,1,0,0,0,J.Love,NA,M.Golden,NA,NA,NA,deep,right,26,NA,0,0,0,1,0,0,1,0,1:06,1,0,0,34,0,0,0,0,0,NA,NA,NA,C.Henderson,NA,NA,NA,NA,NA,NA,KICKOFF
ATL,3,GB,4,10,2,GB 33,ATL 28,MISSED_FG,4,5,ATL 28,03:47,39,"(3:47) 28-T.Smack 47 yard field goal is BLOCKED (96-Z.Harrison), Center-42-M.Orzech, Holder-19-D.Whelan.",field_goal,0,0,0,0,0,0,0,NA,NA,NA,NA,NA,NA,NA,NA,NA,NA,0,0,0,0,0,0,0,0,1:06,1,0,0,34,0,0,0,0,0,NA,NA,NA,NA,NA,NA,NA,NA,NA,NA,KICKOFF
ATL,3,ATL,8,11,2,ATL 37,GB 5,TOUCHDOWN,1,10,ATL 37,03:42,63,(3:42) 9-M.Penix pass short middle to 5-D.London to GB 43 for 20 yards (25-K.Nixon).,pass,20,0,0,1,0,0,0,M.Penix,20,D.London,20,NA,NA,short,middle,15,5,0,1,0,0,0,0,0,0,2:43,4,1,1,0,0,0,0,0,0,NA,NA,NA,NA,NA,NA,NA,NA,NA,NA,MISSED_FG
ATL,3,ATL,8,11,2,ATL 37,GB 5,TOUCHDOWN,1,10,GB 43,03:04,63,(3:04) 7-Bi.Robinson left tackle to GB 40 for 3 yards (99-B.Sorrell; 98-J.Hargrave).,run,3,0,0,0,0,0,0,NA,NA,NA,NA,Bi.Robinson,3,NA,NA,NA,NA,0,0,0,0,0,0,0,0,2:43,4,1,1,0,0,0,0,0,0,NA,NA,NA,NA,NA,NA,NA,NA,NA,NA,MISSED_FG
ATL,3,ATL,8,11,2,ATL 37,GB 5,TOUCHDOWN,2,7,GB 40,02:20,63,(2:20) (Shotgun) 9-M.Penix pass short left to 81-A.Hooper to GB 34 for 6 yards (2-B.Cisse; 56-E.Cooper).,pass,6,1,0,1,0,0,0,M.Penix,6,A.Hooper,6,NA,NA,short,left,5,1,0,0,0,0,0,0,0,0,2:43,4,1,1,0,0,0,0,0,0,NA,NA,NA,NA,NA,NA,NA,NA,NA,NA,MISSED_FG
ATL,3,ATL,8,11,2,ATL 37,GB 5,TOUCHDOWN,3,1,GB 34,02:00,63,(2:00) 9-M.Penix pass deep left to 5-D.London ran ob at GB 18 for 16 yards (2-B.Cisse).,pass,16,0,0,1,0,0,0,M.Penix,16,D.London,16,NA,NA,deep,left,16,0,0,1,1,0,0,0,0,0,2:43,4,1,1,0,0,0,0,0,0,NA,NA,NA,NA,NA,NA,NA,NA,NA,NA,MISSED_FG
ATL,3,ATL,8,11,2,ATL 37,GB 5,TOUCHDOWN,1,10,GB 18,01:55,63,(1:55) 7-Bi.Robinson up the middle to GB 8 for 10 yards (25-K.Nixon).,run,10,0,0,0,0,0,0,NA,NA,NA,NA,Bi.Robinson,10,NA,NA,NA,NA,0,0,0,0,0,0,0,0,2:43,4,1,1,0,0,0,0,0,0,NA,NA,NA,NA,NA,NA,NA,NA,NA,NA,MISSED_FG
ATL,3,NA,8,11,2,ATL 37,GB 5,TOUCHDOWN,NA,0,GB 8,01:51,63,Timeout #2 by GB at 01:51.,no_play,0,0,0,0,0,0,0,NA,NA,NA,NA,NA,NA,NA,NA,NA,NA,0,0,0,0,0,0,0,0,2:43,4,1,1,0,0,0,0,0,0,NA,NA,NA,NA,NA,NA,NA,NA,NA,NA,MISSED_FG
ATL,3,ATL,8,11,2,ATL 37,GB 5,TOUCHDOWN,1,8,GB 8,01:51,63,(1:51) 7-Bi.Robinson right tackle to GB 2 for 6 yards (33-E.Williams; 95-D.Wyatt).,run,6,0,0,0,0,0,0,NA,NA,NA,NA,Bi.Robinson,6,NA,NA,NA,NA,1,0,0,0,0,0,0,0,2:43,4,1,1,0,0,0,0,0,0,NA,NA,NA,NA,NA,NA,NA,NA,NA,NA,MISSED_FG
ATL,3,ATL,8,11,2,ATL 37,GB 5,TOUCHDOWN,2,2,GB 2,01:07,63,(1:07) 7-Bi.Robinson left guard to GB 5 for -3 yards (44-Z.Franklin).,run,-3,0,0,0,0,0,0,NA,NA,NA,NA,Bi.Robinson,-3,NA,NA,NA,NA,1,0,0,0,0,0,0,0,2:43,4,1,1,0,0,0,0,0,0,Z.Franklin,NA,NA,NA,NA,NA,NA,NA,NA,NA,MISSED_FG
ATL,3,NA,8,11,2,ATL 37,GB 5,TOUCHDOWN,NA,0,GB 5,01:02,63,Timeout #3 by GB at 01:02.,no_play,0,0,0,0,0,0,0,NA,NA,NA,NA,NA,NA,NA,NA,NA,NA,0,0,0,0,0,0,0,0,2:43,4,1,1,0,0,0,0,0,0,NA,NA,NA,NA,NA,NA,NA,NA,NA,NA,MISSED_FG
ATL,3,ATL,8,11,2,ATL 37,GB 5,TOUCHDOWN,3,5,GB 5,01:02,63,"(1:02) (Shotgun) 9-M.Penix pass short left to 81-A.Hooper for 5 yards, TOUCHDOWN.",pass,5,1,0,1,0,0,0,M.Penix,5,A.Hooper,5,NA,NA,short,left,5,0,1,1,1,0,0,0,0,0,2:43,4,1,1,0,0,0,0,0,0,NA,NA,NA,NA,NA,NA,NA,NA,NA,NA,MISSED_FG
ATL,3,ATL,8,11,2,ATL 37,GB 5,TOUCHDOWN,NA,0,GB 15,00:59,63,"6-N.Folk extra point is GOOD, Center-49-L.McCullough, Holder-16-J.Bailey.",extra_point,0,0,0,0,0,0,0,NA,NA,NA,NA,NA,NA,NA,NA,NA,NA,0,0,0,0,0,0,0,0,2:43,4,1,1,0,0,0,0,0,0,NA,NA,NA,NA,NA,NA,NA,NA,NA,NA,MISSED_FG
ATL,3,GB,3,12,2,GB 33,GB 41,PUNT,NA,0,ATL 35,00:59,8,6-N.Folk kicks 61 yards from ATL 35 to GB 4. 23-S.Moore to GB 33 for 29 yards (56-H.Perkins; 87-N.Muse).,kickoff,0,0,0,0,0,0,0,NA,NA,NA,NA,NA,NA,NA,NA,NA,NA,0,0,0,0,0,0,0,0,0:31,0,0,0,0,0,0,0,0,0,NA,NA,NA,NA,NA,NA,NA,NA,NA,NA,KICKOFF
ATL,3,GB,3,12,2,GB 33,GB 41,PUNT,1,10,GB 33,00:50,8,(:50) (Shotgun) 10-J.Love pass incomplete short left to 0-M.Golden (26-C.Henderson).,pass,0,1,0,1,0,0,0,J.Love,NA,M.Golden,NA,NA,NA,short,left,9,NA,0,0,0,0,0,0,1,0,0:31,0,0,0,0,0,0,0,0,0,NA,NA,NA,C.Henderson,NA,NA,NA,NA,NA,NA,KICKOFF
ATL,3,GB,3,12,2,GB 33,GB 41,PUNT,2,10,GB 33,00:46,8,(:46) (Shotgun) 10-J.Love pass short right to 0-M.Golden pushed ob at GB 41 for 8 yards (21-M.Hughes) [95-G.Dexter].,pass,8,1,0,1,0,0,0,J.Love,8,M.Golden,8,NA,NA,short,right,8,0,0,0,0,0,0,0,0,0,0:31,0,0,0,0,0,0,0,0,0,NA,NA,G.Dexter,NA,NA,NA,NA,NA,NA,NA,KICKOFF
ATL,3,GB,3,12,2,GB 33,GB 41,PUNT,3,2,GB 41,00:41,8,"(:41) (Shotgun) 10-J.Love pass short right to 85-T.Kraft to GB 45 for 4 yards (3-J.Bates). FUMBLES (3-J.Bates), ball out of bounds at GB 42. The Replay Official reviewed the pass completion ruling, and the play was REVERSED. (Shotgun) 10-J.Love pass incomplete short right to 85-T.Kraft (3-J.Bates).",pass,0,1,0,1,0,0,0,J.Love,NA,T.Kraft,NA,NA,NA,short,right,4,NA,0,0,0,1,0,0,1,0,0:31,0,0,0,0,0,0,0,0,0,NA,NA,NA,J.Bates,NA,NA,NA,NA,reversed,NA,KICKOFF
ATL,3,GB,3,12,2,GB 33,GB 41,PUNT,4,2,GB 41,00:38,8,"(:38) 19-D.Whelan punts 48 yards to ATL 11, Center-42-M.Orzech, out of bounds.",punt,0,0,0,0,0,0,0,NA,NA,NA,NA,NA,NA,NA,NA,NA,NA,0,0,0,0,0,0,0,0,0:31,0,0,0,0,1,0,1,0,0,NA,NA,NA,NA,NA,NA,NA,NA,NA,NA,KICKOFF
ATL,3,ATL,2,13,2,ATL 11,ATL 11,END_HALF,1,10,ATL 11,00:28,0,(:28) (Shotgun) 9-M.Penix pass incomplete short left.,pass,0,1,0,1,0,0,0,M.Penix,NA,NA,NA,NA,NA,short,left,-8,NA,0,0,0,0,0,0,1,0,0:28,0,0,0,0,0,0,0,0,0,NA,NA,NA,NA,NA,NA,NA,NA,NA,NA,PUNT
ATL,3,ATL,2,13,2,ATL 11,ATL 11,END_HALF,2,10,ATL 11,00:25,0,(:25) (Shotgun) 15-Br.Robinson right guard to ATL 11 for no gain (90-L.Van Ness; 57-B.Cox).,run,0,1,0,0,0,0,0,NA,NA,NA,NA,Br.Robinson,0,NA,NA,NA,NA,0,0,0,0,0,0,0,0,0:28,0,0,0,0,0,0,0,0,0,NA,NA,NA,NA,NA,NA,NA,NA,NA,NA,PUNT
ATL,3,NA,2,13,2,ATL 11,ATL 11,END_HALF,NA,0,ATL 35,00:00,0,END QUARTER 2,NA,NA,0,0,NA,0,0,0,NA,NA,NA,NA,NA,NA,NA,NA,NA,NA,0,NA,NA,NA,NA,NA,NA,NA,0:28,0,0,0,0,NA,NA,NA,NA,NA,NA,NA,NA,NA,NA,NA,NA,NA,NA,NA,PUNT
ATL,3,GB,10,14,3,GB 30,ATL 7,DOWNS,NA,0,ATL 35,15:00,63,6-N.Folk kicks 60 yards from ATL 35 to GB 5. 16-B.Melton to GB 30 for 25 yards (42-J.Woods; 87-N.Muse).,kickoff,0,0,0,0,0,0,0,NA,NA,NA,NA,NA,NA,NA,NA,NA,NA,0,0,0,0,0,0,0,0,5:04,3,1,0,0,0,0,0,0,0,NA,NA,NA,NA,NA,NA,NA,NA,NA,NA,KICKOFF
ATL,3,GB,10,14,3,GB 30,ATL 7,DOWNS,1,10,GB 30,14:57,63,(14:57) (Shotgun) 26-K.Johnson right guard to GB 31 for 1 yard (94-L.London; 99-C.Thomas).,run,1,1,0,0,0,0,0,NA,NA,NA,NA,K.Johnson,1,NA,NA,NA,NA,0,0,0,0,0,0,0,0,5:04,3,1,0,0,0,0,0,0,0,NA,NA,NA,NA,NA,NA,NA,NA,NA,NA,KICKOFF
ATL,3,GB,10,14,3,GB 30,ATL 7,DOWNS,2,9,GB 31,14:17,63,(14:17) (Shotgun) 10-J.Love pass short middle to 18-J.Smith to GB 38 for 7 yards (53-K.Daniels).,pass,7,1,0,1,0,0,0,J.Love,7,J.Smith,7,NA,NA,short,middle,7,0,0,0,0,0,0,0,0,0,5:04,3,1,0,0,0,0,0,0,0,NA,NA,NA,NA,NA,NA,NA,NA,NA,NA,KICKOFF
ATL,3,GB,10,14,3,GB 30,ATL 7,DOWNS,3,2,GB 38,13:43,63,(13:43) (Shotgun) 10-J.Love pass short left to 0-M.Golden pushed ob at 50 for 12 yards (0-D.Deablo).,pass,12,1,0,1,0,0,0,J.Love,12,M.Golden,12,NA,NA,short,left,-2,14,0,1,1,0,0,0,0,0,5:04,3,1,0,0,0,0,0,0,0,NA,NA,NA,NA,NA,NA,NA,NA,NA,NA,KICKOFF
ATL,3,GB,10,14,3,GB 30,ATL 7,DOWNS,1,10,MID 50,13:14,63,(13:14) 10-J.Love pass deep middle to 9-C.Watson to ATL 28 for 22 yards (31-X.Watts; 3-J.Bates).,pass,22,0,0,1,0,0,0,J.Love,22,C.Watson,22,NA,NA,deep,middle,18,4,0,1,0,0,0,0,0,0,5:04,3,1,0,0,0,0,0,0,0,NA,NA,NA,NA,NA,NA,NA,NA,NA,NA,KICKOFF
ATL,3,GB,10,14,3,GB 30,ATL 7,DOWNS,1,10,ATL 28,12:30,63,(12:30) (Shotgun) 10-J.Love pass incomplete short left to 23-S.Moore.,pass,0,1,0,1,0,0,0,J.Love,NA,S.Moore,NA,NA,NA,short,left,12,NA,0,0,0,0,0,0,1,0,5:04,3,1,0,0,0,0,0,0,0,NA,NA,NA,NA,NA,NA,NA,NA,NA,NA,KICKOFF
ATL,3,GB,10,14,3,GB 30,ATL 7,DOWNS,2,10,ATL 28,12:26,63,(12:26) (Shotgun) 10-J.Love pass short left to 23-S.Moore to ATL 16 for 12 yards (3-J.Bates; 21-M.Hughes). ATL-3-J.Bates was injured during the play.,pass,12,1,0,1,0,0,0,J.Love,12,S.Moore,12,NA,NA,short,left,-5,17,0,1,0,0,0,0,0,0,5:04,3,1,0,0,0,0,0,0,0,NA,NA,NA,NA,NA,NA,NA,NA,NA,NA,KICKOFF
ATL,3,GB,10,14,3,GB 30,ATL 7,DOWNS,1,10,ATL 16,12:01,63,(12:01) 32-M.Lloyd right tackle to ATL 14 for 2 yards (26-C.Henderson).,run,2,0,0,0,0,0,0,NA,NA,NA,NA,M.Lloyd,2,NA,NA,NA,NA,0,0,0,0,0,0,0,0,5:04,3,1,0,0,0,0,0,0,0,NA,NA,NA,NA,NA,NA,NA,NA,NA,NA,KICKOFF
ATL,3,GB,10,14,3,GB 30,ATL 7,DOWNS,2,8,ATL 14,11:20,63,(11:20) 32-M.Lloyd right tackle to ATL 12 for 2 yards (21-M.Hughes). ** Injury Update: ATL-3-J.Bates has returned to the game.,run,2,0,0,0,0,0,0,NA,NA,NA,NA,M.Lloyd,2,NA,NA,NA,NA,0,0,0,0,0,0,0,0,5:04,3,1,0,0,0,0,0,0,0,NA,NA,NA,NA,NA,NA,NA,NA,NA,NA,KICKOFF
ATL,3,GB,10,14,3,GB 30,ATL 7,DOWNS,3,6,ATL 12,10:34,63,(10:34) (Shotgun) 10-J.Love pass short right to 9-C.Watson pushed ob at ATL 7 for 5 yards (21-M.Hughes).,pass,5,1,0,1,0,0,0,J.Love,5,C.Watson,5,NA,NA,short,right,2,3,0,0,0,1,0,0,0,0,5:04,3,1,0,0,0,0,0,0,0,NA,NA,NA,NA,NA,NA,NA,NA,NA,NA,KICKOFF
ATL,3,GB,10,14,3,GB 30,ATL 7,DOWNS,4,1,ATL 7,10:02,63,(10:02) 10-J.Love pass incomplete short right to 9-C.Watson.,pass,0,0,0,1,0,0,0,J.Love,NA,C.Watson,NA,NA,NA,short,right,7,NA,0,0,0,0,0,1,1,0,5:04,3,1,0,0,0,0,0,0,0,NA,NA,NA,NA,NA,NA,NA,NA,NA,NA,KICKOFF
ATL,3,ATL,10,15,3,ATL 8,GB 7,TOUCHDOWN,1,10,ATL 8,09:56,92,(9:56) (Shotgun) 7-Bi.Robinson right end to ATL 14 for 6 yards (25-K.Nixon).,run,6,1,0,0,0,0,0,NA,NA,NA,NA,Bi.Robinson,6,NA,NA,NA,NA,0,0,0,0,0,0,0,0,6:18,5,1,1,5,0,0,0,0,0,NA,NA,NA,NA,NA,NA,NA,NA,NA,NA,DOWNS
ATL,3,ATL,10,15,3,ATL 8,GB 7,TOUCHDOWN,2,4,ATL 14,09:21,92,(9:21) 7-Bi.Robinson right end pushed ob at ATL 45 for 31 yards (7-J.Bullard).,run,31,0,0,0,0,0,0,NA,NA,NA,NA,Bi.Robinson,31,NA,NA,NA,NA,0,0,0,0,0,0,0,0,6:18,5,1,1,5,0,0,0,0,0,NA,NA,NA,NA,NA,NA,NA,NA,NA,NA,DOWNS
ATL,3,ATL,10,15,3,ATL 8,GB 7,TOUCHDOWN,1,10,ATL 45,08:42,92,"(8:42) 9-M.Penix pass incomplete deep left to 17-Z.Branch. PENALTY on GB-2-B.Cisse, Illegal Contact, 5 yards, enforced at ATL 45 - No Play.",no_play,0,0,0,0,0,0,0,NA,NA,NA,NA,NA,NA,NA,NA,NA,NA,0,0,0,0,0,0,0,0,6:18,5,1,1,5,0,0,0,0,0,NA,NA,NA,NA,NA,NA,NA,NA,NA,Illegal Contact,DOWNS
ATL,3,ATL,10,15,3,ATL 8,GB 7,TOUCHDOWN,1,10,MID 50,08:37,92,(8:37) 15-Br.Robinson left tackle to GB 42 for 8 yards (90-L.Van Ness; 33-E.Williams).,run,8,0,0,0,0,0,0,NA,NA,NA,NA,Br.Robinson,8,NA,NA,NA,NA,0,0,0,0,0,0,0,0,6:18,5,1,1,5,0,0,0,0,0,NA,NA,NA,NA,NA,NA,NA,NA,NA,NA,DOWNS
ATL,3,ATL,10,15,3,ATL 8,GB 7,TOUCHDOWN,2,2,GB 42,07:56,92,(7:56) 15-Br.Robinson up the middle to GB 35 for 7 yards (99-B.Sorrell).,run,7,0,0,0,0,0,0,NA,NA,NA,NA,Br.Robinson,7,NA,NA,NA,NA,0,0,0,0,0,0,0,0,6:18,5,1,1,5,0,0,0,0,0,NA,NA,NA,NA,NA,NA,NA,NA,NA,NA,DOWNS
ATL,3,ATL,10,15,3,ATL 8,GB 7,TOUCHDOWN,1,10,GB 35,07:13,92,(7:13) 7-Bi.Robinson left guard to GB 34 for 1 yard (98-J.Hargrave; 44-Z.Franklin).,run,1,0,0,0,0,0,0,NA,NA,NA,NA,Bi.Robinson,1,NA,NA,NA,NA,0,0,0,0,0,0,0,0,6:18,5,1,1,5,0,0,0,0,0,NA,NA,NA,NA,NA,NA,NA,NA,NA,NA,DOWNS
ATL,3,ATL,10,15,3,ATL 8,GB 7,TOUCHDOWN,2,9,GB 34,06:26,92,(6:26) (Shotgun) 9-M.Penix pass short left to 7-Bi.Robinson to GB 32 for 2 yards (57-B.Cox; 95-D.Wyatt).,pass,2,1,0,1,0,0,0,M.Penix,2,Bi.Robinson,2,NA,NA,short,left,-4,6,0,0,0,0,0,0,0,0,6:18,5,1,1,5,0,0,0,0,0,NA,NA,NA,NA,NA,NA,NA,NA,NA,NA,DOWNS
ATL,3,ATL,10,15,3,ATL 8,GB 7,TOUCHDOWN,3,7,GB 32,05:41,92,(5:41) (Shotgun) 9-M.Penix pass short middle to 5-D.London to GB 16 for 16 yards (29-X.McKinney).,pass,16,1,0,1,0,0,0,M.Penix,16,D.London,16,NA,NA,short,middle,9,7,0,1,1,0,0,0,0,0,6:18,5,1,1,5,0,0,0,0,0,NA,NA,NA,NA,NA,NA,NA,NA,NA,NA,DOWNS
ATL,3,ATL,10,15,3,ATL 8,GB 7,TOUCHDOWN,1,10,GB 16,05:00,92,(5:00) (Shotgun) 7-Bi.Robinson left tackle to GB 10 for 6 yards (96-J.Ford; 33-E.Williams).,run,6,1,0,0,0,0,0,NA,NA,NA,NA,Bi.Robinson,6,NA,NA,NA,NA,0,0,0,0,0,0,0,0,6:18,5,1,1,5,0,0,0,0,0,NA,NA,NA,NA,NA,NA,NA,NA,NA,NA,DOWNS
ATL,3,ATL,10,15,3,ATL 8,GB 7,TOUCHDOWN,2,4,GB 10,04:15,92,(4:15) 7-Bi.Robinson right tackle to GB 7 for 3 yards (94-K.Brooks; 57-B.Cox).,run,3,0,0,0,0,0,0,NA,NA,NA,NA,Bi.Robinson,3,NA,NA,NA,NA,0,0,0,0,0,0,0,0,6:18,5,1,1,5,0,0,0,0,0,NA,NA,NA,NA,NA,NA,NA,NA,NA,NA,DOWNS
ATL,3,ATL,10,15,3,ATL 8,GB 7,TOUCHDOWN,3,1,GB 7,03:41,92,"(3:41) 71-J.Taylor reported in as eligible. 15-Br.Robinson left guard for 7 yards, TOUCHDOWN.",run,7,0,0,0,0,0,0,NA,NA,NA,NA,Br.Robinson,7,NA,NA,NA,NA,0,0,1,0,0,0,0,0,6:18,5,1,1,5,0,0,0,0,0,NA,NA,NA,NA,NA,NA,NA,NA,NA,NA,DOWNS
ATL,3,ATL,10,15,3,ATL 8,GB 7,TOUCHDOWN,NA,0,GB 15,03:38,92,"6-N.Folk extra point is GOOD, Center-49-L.McCullough, Holder-16-J.Bailey.",extra_point,0,0,0,0,0,0,0,NA,NA,NA,NA,NA,NA,NA,NA,NA,NA,0,0,0,0,0,0,0,0,6:18,5,1,1,5,0,0,0,0,0,NA,NA,NA,NA,NA,NA,NA,NA,NA,NA,DOWNS
ATL,3,GB,7,16,3,GB 29,GB 47,PUNT,NA,0,ATL 35,03:38,18,6-N.Folk kicks 64 yards from ATL 35 to GB 1. 23-S.Moore to GB 29 for 28 yards (19-C.Blair).,kickoff,0,0,0,0,0,0,0,NA,NA,NA,NA,NA,NA,NA,NA,NA,NA,0,0,0,0,0,0,0,0,2:43,2,0,0,-5,0,0,0,0,0,NA,NA,NA,NA,NA,NA,NA,NA,NA,NA,KICKOFF
ATL,3,GB,7,16,3,GB 29,GB 47,PUNT,1,10,GB 29,03:31,18,(3:31) 10-J.Love pass incomplete short right to 26-K.Johnson.,pass,0,0,0,1,0,0,0,J.Love,NA,K.Johnson,NA,NA,NA,short,right,-1,NA,0,0,0,0,0,0,1,0,2:43,2,0,0,-5,0,0,0,0,0,NA,NA,NA,NA,NA,NA,NA,NA,NA,NA,KICKOFF
ATL,3,GB,7,16,3,GB 29,GB 47,PUNT,2,10,GB 29,03:26,18,"(3:26) (Shotgun) 10-J.Love FUMBLES (Aborted) at GB 25, recovered by GB-85-T.Kraft at GB 27. 85-T.Kraft to GB 34 for 7 yards (95-G.Dexter; 12-Av.Terrell).",run,0,1,0,0,0,0,0,NA,NA,NA,NA,J.Love,0,NA,NA,NA,NA,0,0,0,0,0,0,0,0,2:43,2,0,0,-5,0,0,0,0,0,NA,NA,NA,NA,J.Love,NA,NA,NA,NA,NA,KICKOFF
ATL,3,GB,7,16,3,GB 29,GB 47,PUNT,3,5,GB 34,02:58,18,(2:58) (Shotgun) 10-J.Love pass short middle to 87-J.Sturdivant to GB 43 for 9 yards (26-C.Henderson).,pass,9,1,0,1,0,0,0,J.Love,9,J.Sturdivant,9,NA,NA,short,middle,9,0,0,1,1,0,0,0,0,0,2:43,2,0,0,-5,0,0,0,0,0,NA,NA,NA,NA,NA,NA,NA,NA,NA,NA,KICKOFF
ATL,3,GB,7,16,3,GB 29,GB 47,PUNT,1,10,GB 43,02:17,18,(2:17) 10-J.Love pass short right to 26-K.Johnson ran ob at ATL 47 for 10 yards (3-J.Bates).,pass,10,0,0,1,0,0,0,J.Love,10,K.Johnson,10,NA,NA,short,right,0,10,0,1,0,0,0,0,0,0,2:43,2,0,0,-5,0,0,0,0,0,NA,NA,NA,NA,NA,NA,NA,NA,NA,NA,KICKOFF
ATL,3,GB,7,16,3,GB 29,GB 47,PUNT,1,10,ATL 47,01:55,18,(1:55) (Shotgun) 10-J.Love pass incomplete short right to 26-K.Johnson (48-B.Trice).,pass,0,1,0,1,0,0,0,J.Love,NA,K.Johnson,NA,NA,NA,short,right,0,NA,0,0,0,0,0,0,1,0,2:43,2,0,0,-5,0,0,0,0,0,NA,NA,NA,B.Trice,NA,NA,NA,NA,NA,NA,KICKOFF
ATL,3,GB,7,16,3,GB 29,GB 47,PUNT,2,10,ATL 47,01:50,18,(1:50) (Shotgun) 10-J.Love sacked at ATL 48 for -1 yards (99-C.Thomas).,pass,-1,1,0,1,0,0,0,J.Love,NA,NA,NA,NA,NA,NA,NA,NA,NA,0,0,0,0,0,0,0,0,2:43,2,0,0,-5,0,0,0,0,0,C.Thomas,NA,C.Thomas,NA,NA,C.Thomas,NA,NA,NA,NA,KICKOFF
ATL,3,GB,7,16,3,GB 29,GB 47,PUNT,3,11,ATL 48,01:06,18,(1:06) (Shotgun) 10-J.Love pass incomplete deep right to 0-M.Golden [99-C.Thomas].,pass,0,1,0,1,0,0,0,J.Love,NA,M.Golden,NA,NA,NA,deep,right,29,NA,0,0,0,1,0,0,1,0,2:43,2,0,0,-5,0,0,0,0,0,NA,NA,C.Thomas,NA,NA,NA,NA,NA,NA,NA,KICKOFF
ATL,3,GB,7,16,3,GB 29,GB 47,PUNT,4,11,ATL 48,01:02,18,"(1:02) (Punt formation) PENALTY on GB, Delay of Game, 5 yards, enforced at ATL 48 - No Play.",no_play,0,0,0,0,0,0,0,NA,NA,NA,NA,NA,NA,NA,NA,NA,NA,0,0,0,0,0,0,0,0,2:43,2,0,0,-5,0,0,0,0,0,NA,NA,NA,NA,NA,NA,NA,NA,NA,Delay of Game,KICKOFF
ATL,3,GB,7,16,3,GB 29,GB 47,PUNT,4,16,GB 47,01:02,18,"(1:02) 19-D.Whelan punts 45 yards to ATL 8, Center-42-M.Orzech, fair catch by 14-O.Zaccheaus.",punt,0,0,0,0,0,0,0,NA,NA,NA,NA,NA,NA,NA,NA,NA,NA,0,0,0,0,0,0,0,0,2:43,2,0,0,-5,1,0,0,0,1,NA,NA,NA,NA,NA,NA,NA,NA,NA,NA,KICKOFF
ATL,3,ATL,7,17,3,ATL 8,GB 13,FIELD_GOAL,1,10,ATL 8,00:55,79,"(:55) 7-Bi.Robinson left guard to ATL 17 for 9 yards (33-E.Williams). PENALTY on ATL-64-R.Neuzil, Offensive Holding, 4 yards, enforced at ATL 8 - No Play.",no_play,0,0,0,0,0,0,0,NA,NA,NA,NA,NA,NA,NA,NA,NA,NA,0,0,0,0,0,0,0,0,4:58,1,1,1,-14,0,0,0,0,0,NA,NA,NA,NA,NA,NA,NA,NA,NA,Offensive Holding,PUNT
ATL,3,ATL,7,17,3,ATL 8,GB 13,FIELD_GOAL,1,14,ATL 4,00:28,79,(:28) 7-Bi.Robinson left end to ATL 13 for 9 yards (56-E.Cooper; 33-E.Williams).,run,9,0,0,0,0,0,0,NA,NA,NA,NA,Bi.Robinson,9,NA,NA,NA,NA,0,0,0,0,0,0,0,0,4:58,1,1,1,-14,0,0,0,0,0,NA,NA,NA,NA,NA,NA,NA,NA,NA,NA,PUNT
ATL,3,ATL,7,17,3,ATL 8,GB 13,FIELD_GOAL,NA,0,ATL 13,00:00,79,END QUARTER 3,NA,NA,0,0,NA,0,0,0,NA,NA,NA,NA,NA,NA,NA,NA,NA,NA,0,NA,NA,NA,NA,NA,NA,NA,4:58,1,1,1,-14,NA,NA,NA,NA,NA,NA,NA,NA,NA,NA,NA,NA,NA,NA,NA,PUNT
ATL,3,ATL,7,17,4,ATL 8,GB 13,FIELD_GOAL,2,5,ATL 13,15:00,79,(15:00) 7-Bi.Robinson left tackle to ATL 16 for 3 yards (90-L.Van Ness).,run,3,0,0,0,0,0,0,NA,NA,NA,NA,Bi.Robinson,3,NA,NA,NA,NA,0,0,0,0,0,0,0,0,4:58,1,1,1,-14,0,0,0,0,0,NA,NA,NA,NA,NA,NA,NA,NA,NA,NA,PUNT
ATL,3,ATL,7,17,4,ATL 8,GB 13,FIELD_GOAL,3,2,ATL 16,14:17,79,(14:17) (Shotgun) 9-M.Penix pass deep left to 5-D.London pushed ob at GB 16 for 68 yards (2-B.Cisse).,pass,68,1,0,1,0,0,0,M.Penix,68,D.London,68,NA,NA,deep,left,24,44,0,1,1,0,0,0,0,0,4:58,1,1,1,-14,0,0,0,0,0,NA,NA,NA,NA,NA,NA,NA,NA,NA,NA,PUNT
ATL,3,ATL,7,17,4,ATL 8,GB 13,FIELD_GOAL,1,10,GB 16,13:39,79,"(13:39) 7-Bi.Robinson right tackle to GB 17 for -1 yards (7-J.Bullard, 58-I.McDuffie).",run,-1,0,0,0,0,0,0,NA,NA,NA,NA,Bi.Robinson,-1,NA,NA,NA,NA,0,0,0,0,0,0,0,0,4:58,1,1,1,-14,0,0,0,0,0,J.Bullard,NA,NA,NA,NA,NA,NA,NA,NA,NA,PUNT
ATL,3,ATL,7,17,4,ATL 8,GB 13,FIELD_GOAL,2,11,GB 17,12:55,79,"(12:55) (Shotgun) 9-M.Penix pass short right to 15-Br.Robinson pushed ob at GB 10 for 7 yards (33-E.Williams). PENALTY on ATL-71-J.Taylor, Offensive Holding, 10 yards, enforced at GB 17 - No Play.",no_play,0,1,0,0,0,0,0,NA,NA,NA,NA,NA,NA,NA,NA,NA,NA,0,0,0,0,0,0,0,0,4:58,1,1,1,-14,0,0,0,0,0,NA,NA,NA,NA,NA,NA,NA,NA,NA,Offensive Holding,PUNT
ATL,3,ATL,7,17,4,ATL 8,GB 13,FIELD_GOAL,2,21,GB 27,12:31,79,"(12:31) (Shotgun) 15-Br.Robinson left end to GB 29 for -2 yards (58-I.McDuffie, 7-J.Bullard).",run,-2,1,0,0,0,0,0,NA,NA,NA,NA,Br.Robinson,-2,NA,NA,NA,NA,0,0,0,0,0,0,0,0,4:58,1,1,1,-14,0,0,0,0,0,I.McDuffie,NA,NA,NA,NA,NA,NA,NA,NA,NA,PUNT
ATL,3,ATL,7,17,4,ATL 8,GB 13,FIELD_GOAL,3,23,GB 29,11:47,79,(11:47) (Shotgun) 9-M.Penix pass short left to 5-D.London to GB 13 for 16 yards (2-B.Cisse).,pass,16,1,0,1,0,0,0,M.Penix,16,D.London,16,NA,NA,short,left,7,9,0,0,0,1,0,0,0,0,4:58,1,1,1,-14,0,0,0,0,0,NA,NA,NA,NA,NA,NA,NA,NA,NA,NA,PUNT
ATL,3,ATL,7,17,4,ATL 8,GB 13,FIELD_GOAL,4,7,GB 13,11:00,79,"(11:00) 6-N.Folk 31 yard field goal is GOOD, Center-49-L.McCullough, Holder-16-J.Bailey.",field_goal,0,0,0,0,0,0,0,NA,NA,NA,NA,NA,NA,NA,NA,NA,NA,0,0,0,0,0,0,0,0,4:58,1,1,1,-14,0,0,0,0,0,NA,NA,NA,NA,NA,NA,NA,NA,NA,NA,PUNT
ATL,3,GB,10,18,4,GB 24,ATL 15,TOUCHDOWN,NA,0,ATL 35,10:57,76,6-N.Folk kicks 61 yards from ATL 35 to GB 4. 23-S.Moore to GB 24 for 20 yards (19-C.Blair).,kickoff,0,0,0,0,0,0,0,NA,NA,NA,NA,NA,NA,NA,NA,NA,NA,0,0,0,0,0,0,0,0,2:39,4,1,1,0,0,0,0,0,0,NA,NA,NA,NA,NA,NA,NA,NA,NA,NA,KICKOFF
ATL,3,GB,10,18,4,GB 24,ATL 15,TOUCHDOWN,1,10,GB 24,10:51,76,(10:51) (Shotgun) 10-J.Love pass incomplete short right to 85-T.Kraft.,pass,0,1,0,1,0,0,0,J.Love,NA,T.Kraft,NA,NA,NA,short,right,-4,NA,0,0,0,0,0,0,1,0,2:39,4,1,1,0,0,0,0,0,0,NA,NA,NA,NA,NA,NA,NA,NA,NA,NA,KICKOFF
ATL,3,GB,10,18,4,GB 24,ATL 15,TOUCHDOWN,2,10,GB 24,10:47,76,(10:47) (Shotgun) 10-J.Love pass incomplete short middle to 85-T.Kraft.,pass,0,1,0,1,0,0,0,J.Love,NA,T.Kraft,NA,NA,NA,short,middle,5,NA,0,0,0,0,0,0,1,0,2:39,4,1,1,0,0,0,0,0,0,NA,NA,NA,NA,NA,NA,NA,NA,NA,NA,KICKOFF
ATL,3,GB,10,18,4,GB 24,ATL 15,TOUCHDOWN,3,10,GB 24,10:44,76,(10:44) (Shotgun) 10-J.Love pass deep left to 9-C.Watson to ATL 42 for 34 yards (26-C.Henderson).,pass,34,1,0,1,0,0,0,J.Love,34,C.Watson,34,NA,NA,deep,left,18,16,0,1,1,0,0,0,0,0,2:39,4,1,1,0,0,0,0,0,0,NA,NA,NA,NA,NA,NA,NA,NA,NA,NA,KICKOFF
ATL,3,GB,10,18,4,GB 24,ATL 15,TOUCHDOWN,1,10,ATL 42,10:16,76,"(10:16) (No Huddle, Shotgun) 10-J.Love pass incomplete short right to 0-M.Golden.",pass,0,1,1,1,0,0,0,J.Love,NA,M.Golden,NA,NA,NA,short,right,8,NA,0,0,0,0,0,0,1,0,2:39,4,1,1,0,0,0,0,0,0,NA,NA,NA,NA,NA,NA,NA,NA,NA,NA,KICKOFF
ATL,3,GB,10,18,4,GB 24,ATL 15,TOUCHDOWN,2,10,ATL 42,10:13,76,(10:13) (Shotgun) 10-J.Love pass incomplete short right to 23-S.Moore.,pass,0,1,0,1,0,0,0,J.Love,NA,S.Moore,NA,NA,NA,short,right,-5,NA,0,0,0,0,0,0,1,0,2:39,4,1,1,0,0,0,0,0,0,NA,NA,NA,NA,NA,NA,NA,NA,NA,NA,KICKOFF
ATL,3,GB,10,18,4,GB 24,ATL 15,TOUCHDOWN,3,10,ATL 42,10:08,76,(10:08) (Shotgun) 10-J.Love pass short right to 87-J.Sturdivant to ATL 39 for 3 yards (26-C.Henderson) [54-B.Dorlus].,pass,3,1,0,1,0,0,0,J.Love,3,J.Sturdivant,3,NA,NA,short,right,6,-3,0,0,0,1,0,0,0,0,2:39,4,1,1,0,0,0,0,0,0,NA,NA,B.Dorlus,NA,NA,NA,NA,NA,NA,NA,KICKOFF
ATL,3,GB,10,18,4,GB 24,ATL 15,TOUCHDOWN,4,7,ATL 39,09:29,76,(9:29) (Shotgun) 10-J.Love pass short middle to 23-S.Moore to ATL 29 for 10 yards (31-X.Watts).,pass,10,1,0,1,0,0,0,J.Love,10,S.Moore,10,NA,NA,short,middle,9,1,0,1,0,0,1,0,0,0,2:39,4,1,1,0,0,0,0,0,0,NA,NA,NA,NA,NA,NA,NA,NA,NA,NA,KICKOFF
ATL,3,GB,10,18,4,GB 24,ATL 15,TOUCHDOWN,1,10,ATL 29,09:08,76,"(9:08) (No Huddle, Shotgun) 10-J.Love pass short right to 9-C.Watson ran ob at ATL 18 for 11 yards.",pass,11,1,1,1,0,0,0,J.Love,11,C.Watson,11,NA,NA,short,right,11,0,0,1,0,0,0,0,0,0,2:39,4,1,1,0,0,0,0,0,0,NA,NA,NA,NA,NA,NA,NA,NA,NA,NA,KICKOFF
ATL,3,GB,10,18,4,GB 24,ATL 15,TOUCHDOWN,1,10,ATL 18,08:51,76,"(8:51) (No Huddle, Shotgun) 10-J.Love pass short right to 85-T.Kraft pushed ob at ATL 15 for 3 yards (56-H.Perkins).",pass,3,1,1,1,0,0,0,J.Love,3,T.Kraft,3,NA,NA,short,right,2,1,0,0,0,0,0,0,0,0,2:39,4,1,1,0,0,0,0,0,0,NA,NA,NA,NA,NA,NA,NA,NA,NA,NA,KICKOFF
ATL,3,GB,10,18,4,GB 24,ATL 15,TOUCHDOWN,2,7,ATL 15,08:21,76,"(8:21) (Shotgun) 10-J.Love pass short right to 0-M.Golden for 15 yards, TOUCHDOWN.",pass,15,1,0,1,0,0,0,J.Love,15,M.Golden,15,NA,NA,short,right,15,0,0,1,0,0,0,0,0,0,2:39,4,1,1,0,0,0,0,0,0,NA,NA,NA,NA,NA,NA,NA,NA,NA,NA,KICKOFF
ATL,3,GB,10,18,4,GB 24,ATL 15,TOUCHDOWN,NA,0,ATL 15,08:18,76,"28-T.Smack extra point is GOOD, Center-42-M.Orzech, Holder-19-D.Whelan.",extra_point,0,0,0,0,0,0,0,NA,NA,NA,NA,NA,NA,NA,NA,NA,NA,0,0,0,0,0,0,0,0,2:39,4,1,1,0,0,0,0,0,0,NA,NA,NA,NA,NA,NA,NA,NA,NA,NA,KICKOFF
ATL,3,ATL,8,19,4,ATL 33,GB 2,TOUCHDOWN,NA,0,GB 35,08:18,67,28-T.Smack kicks 62 yards from GB 35 to ATL 3. 15-Br.Robinson to ATL 33 for 30 yards (30-C.Brooks).,kickoff,0,0,0,0,0,0,0,NA,NA,NA,NA,NA,NA,NA,NA,NA,NA,0,0,0,0,0,0,0,0,4:45,4,1,1,0,0,0,0,0,0,NA,NA,NA,NA,NA,NA,NA,NA,NA,NA,KICKOFF
ATL,3,ATL,8,19,4,ATL 33,GB 2,TOUCHDOWN,1,10,ATL 33,08:11,67,(8:11) 7-Bi.Robinson right tackle to ATL 38 for 5 yards (25-K.Nixon; 33-E.Williams).,run,5,0,0,0,0,0,0,NA,NA,NA,NA,Bi.Robinson,5,NA,NA,NA,NA,0,0,0,0,0,0,0,0,4:45,4,1,1,0,0,0,0,0,0,NA,NA,NA,NA,NA,NA,NA,NA,NA,NA,KICKOFF
ATL,3,ATL,8,19,4,ATL 33,GB 2,TOUCHDOWN,2,5,ATL 38,07:28,67,(7:28) 7-Bi.Robinson left tackle to ATL 41 for 3 yards (99-B.Sorrell; 33-E.Williams).,run,3,0,0,0,0,0,0,NA,NA,NA,NA,Bi.Robinson,3,NA,NA,NA,NA,0,0,0,0,0,0,0,0,4:45,4,1,1,0,0,0,0,0,0,NA,NA,NA,NA,NA,NA,NA,NA,NA,NA,KICKOFF
ATL,3,ATL,8,19,4,ATL 33,GB 2,TOUCHDOWN,3,2,ATL 41,06:44,67,(6:44) 7-Bi.Robinson left guard to ATL 45 for 4 yards (98-J.Hargrave).,run,4,0,0,0,0,0,0,NA,NA,NA,NA,Bi.Robinson,4,NA,NA,NA,NA,0,0,1,0,0,0,0,0,4:45,4,1,1,0,0,0,0,0,0,NA,NA,NA,NA,NA,NA,NA,NA,NA,NA,KICKOFF
ATL,3,ATL,8,19,4,ATL 33,GB 2,TOUCHDOWN,1,10,ATL 45,06:01,67,(6:01) (Shotgun) 15-Br.Robinson left end to ATL 47 for 2 yards (44-Z.Franklin; 51-D.Dennis-Sutton).,run,2,1,0,0,0,0,0,NA,NA,NA,NA,Br.Robinson,2,NA,NA,NA,NA,0,0,0,0,0,0,0,0,4:45,4,1,1,0,0,0,0,0,0,NA,NA,NA,NA,NA,NA,NA,NA,NA,NA,KICKOFF
ATL,3,ATL,8,19,4,ATL 33,GB 2,TOUCHDOWN,2,8,ATL 47,05:17,67,(5:17) (Shotgun) 9-M.Penix pass deep right to 5-D.London to GB 13 for 40 yards (33-E.Williams).,pass,40,1,0,1,0,0,0,M.Penix,40,D.London,40,NA,NA,deep,right,18,22,0,1,0,0,0,0,0,0,4:45,4,1,1,0,0,0,0,0,0,NA,NA,NA,NA,NA,NA,NA,NA,NA,NA,KICKOFF
ATL,3,ATL,8,19,4,ATL 33,GB 2,TOUCHDOWN,1,10,GB 13,04:26,67,(4:26) (Shotgun) 7-Bi.Robinson left guard to GB 4 for 9 yards (7-J.Bullard; 58-I.McDuffie).,run,9,1,0,0,0,0,0,NA,NA,NA,NA,Bi.Robinson,9,NA,NA,NA,NA,0,0,0,0,0,0,0,0,4:45,4,1,1,0,0,0,0,0,0,NA,NA,NA,NA,NA,NA,NA,NA,NA,NA,KICKOFF
ATL,3,ATL,8,19,4,ATL 33,GB 2,TOUCHDOWN,2,1,GB 4,03:39,67,(3:39) 7-Bi.Robinson up the middle to GB 2 for 2 yards (95-D.Wyatt).,run,2,0,0,0,0,0,0,NA,NA,NA,NA,Bi.Robinson,2,NA,NA,NA,NA,0,0,0,0,0,0,0,0,4:45,4,1,1,0,0,0,0,0,0,NA,NA,NA,NA,NA,NA,NA,NA,NA,NA,KICKOFF
ATL,3,NA,8,19,4,ATL 33,GB 2,TOUCHDOWN,NA,0,GB 2,03:35,67,Timeout #1 by GB at 03:35.,no_play,0,0,0,0,0,0,0,NA,NA,NA,NA,NA,NA,NA,NA,NA,NA,0,0,0,0,0,0,0,0,4:45,4,1,1,0,0,0,0,0,0,NA,NA,NA,NA,NA,NA,NA,NA,NA,NA,KICKOFF
ATL,3,ATL,8,19,4,ATL 33,GB 2,TOUCHDOWN,1,2,GB 2,03:35,67,"(3:35) 62-C.Levin and 72-M.Jerrell reported in as eligible. 7-Bi.Robinson left guard for 2 yards, TOUCHDOWN.",run,2,0,0,0,0,0,0,NA,NA,NA,NA,Bi.Robinson,2,NA,NA,NA,NA,1,0,0,0,0,0,0,0,4:45,4,1,1,0,0,0,0,0,0,NA,NA,NA,NA,NA,NA,NA,NA,NA,NA,KICKOFF
ATL,3,ATL,8,19,4,ATL 33,GB 2,TOUCHDOWN,NA,0,GB 2,03:33,67,TWO-POINT CONVERSION ATTEMPT. 9-M.Penix pass to 19-C.Blair is complete. ATTEMPT SUCCEEDS.,pass,2,0,0,1,0,0,0,M.Penix,NA,C.Blair,NA,NA,NA,NA,NA,NA,NA,0,0,0,0,0,0,0,0,4:45,4,1,1,0,0,0,0,0,0,NA,NA,NA,NA,NA,NA,NA,NA,NA,NA,KICKOFF
ATL,3,GB,12,20,4,GB 32,ATL 10,INTERCEPTION,NA,0,ATL 35,03:33,58,6-N.Folk kicks 65 yards from ATL 35 to GB 0. 23-S.Moore to GB 32 for 32 yards (87-N.Muse).,kickoff,0,0,0,0,0,0,0,NA,NA,NA,NA,NA,NA,NA,NA,NA,NA,0,0,0,0,0,0,0,0,2:22,3,1,0,-5,0,0,0,0,0,NA,NA,NA,NA,NA,NA,NA,NA,NA,NA,KICKOFF
ATL,3,GB,12,20,4,GB 32,ATL 10,INTERCEPTION,1,10,GB 32,03:26,58,(3:26) (Shotgun) 10-J.Love pass short right to 18-J.Smith to GB 41 for 9 yards (3-J.Bates; 56-H.Perkins).,pass,9,1,0,1,0,0,0,J.Love,9,J.Smith,9,NA,NA,short,right,5,4,0,0,0,0,0,0,0,0,2:22,3,1,0,-5,0,0,0,0,0,NA,NA,NA,NA,NA,NA,NA,NA,NA,NA,KICKOFF
ATL,3,GB,12,20,4,GB 32,ATL 10,INTERCEPTION,2,1,GB 41,03:07,58,"(3:07) (No Huddle, Shotgun) 10-J.Love pass incomplete short middle to 26-K.Johnson (56-H.Perkins). PENALTY on GB, Illegal Formation, 5 yards, enforced at GB 41 - No Play.",no_play,0,1,1,0,0,0,0,NA,NA,NA,NA,NA,NA,NA,NA,NA,NA,0,0,0,0,0,0,0,0,2:22,3,1,0,-5,0,0,0,0,0,NA,NA,NA,NA,NA,NA,NA,NA,NA,Illegal Formation,KICKOFF
ATL,3,GB,12,20,4,GB 32,ATL 10,INTERCEPTION,2,6,GB 36,03:02,58,(3:02) (Shotgun) 10-J.Love pass short left to 9-C.Watson pushed ob at GB 41 for 5 yards (26-C.Henderson).,pass,5,1,0,1,0,0,0,J.Love,5,C.Watson,5,NA,NA,short,left,5,0,0,0,0,0,0,0,0,0,2:22,3,1,0,-5,0,0,0,0,0,NA,NA,NA,NA,NA,NA,NA,NA,NA,NA,KICKOFF
ATL,3,GB,12,20,4,GB 32,ATL 10,INTERCEPTION,3,1,GB 41,02:36,58,"(2:36) (No Huddle, Shotgun) 10-J.Love pass short middle to 9-C.Watson to ATL 44 for 15 yards (26-C.Henderson) [92-M.Smith].",pass,15,1,1,1,0,0,0,J.Love,15,C.Watson,15,NA,NA,short,middle,12,3,0,1,1,0,0,0,0,0,2:22,3,1,0,-5,0,0,0,0,0,NA,NA,M.Smith,NA,NA,NA,NA,NA,NA,NA,KICKOFF
ATL,3,GB,12,20,4,GB 32,ATL 10,INTERCEPTION,1,10,ATL 44,02:15,58,"(2:15) (No Huddle, Shotgun) 10-J.Love pass incomplete short middle [54-B.Dorlus].",pass,0,1,1,1,0,0,0,J.Love,NA,NA,NA,NA,NA,short,middle,-7,NA,0,0,0,0,0,0,1,0,2:22,3,1,0,-5,0,0,0,0,0,NA,NA,B.Dorlus,NA,NA,NA,NA,NA,NA,NA,KICKOFF
ATL,3,GB,12,20,4,GB 32,ATL 10,INTERCEPTION,2,10,ATL 44,02:10,58,(2:10) (Shotgun) 10-J.Love pass short right to 30-C.Brooks to ATL 40 for 4 yards (56-H.Perkins). GB-62-J.Monk was injured during the play.,pass,4,1,0,1,0,0,0,J.Love,4,C.Brooks,4,NA,NA,short,right,-1,5,0,0,0,0,0,0,0,0,2:22,3,1,0,-5,0,0,0,0,0,NA,NA,NA,NA,NA,NA,NA,NA,NA,NA,KICKOFF
ATL,3,GB,12,20,4,GB 32,ATL 10,INTERCEPTION,3,6,ATL 40,02:00,58,(2:00) (Shotgun) 10-J.Love pass incomplete short right to 0-M.Golden [99-C.Thomas].,pass,0,1,0,1,0,0,0,J.Love,NA,M.Golden,NA,NA,NA,short,right,10,NA,0,0,0,1,0,0,1,0,2:22,3,1,0,-5,0,0,0,0,0,NA,NA,C.Thomas,NA,NA,NA,NA,NA,NA,NA,KICKOFF
ATL,3,GB,12,20,4,GB 32,ATL 10,INTERCEPTION,4,6,ATL 40,01:56,58,(1:56) (Shotgun) 10-J.Love pass short right to 87-J.Sturdivant to ATL 30 for 10 yards (21-M.Hughes).,pass,10,1,0,1,0,0,0,J.Love,10,J.Sturdivant,10,NA,NA,short,right,7,3,0,1,0,0,1,0,0,0,2:22,3,1,0,-5,0,0,0,0,0,NA,NA,NA,NA,NA,NA,NA,NA,NA,NA,KICKOFF
ATL,3,GB,12,20,4,GB 32,ATL 10,INTERCEPTION,1,10,ATL 30,01:37,58,"(1:37) (No Huddle, Shotgun) 10-J.Love pass incomplete deep left to 16-B.Melton.",pass,0,1,1,1,0,0,0,J.Love,NA,B.Melton,NA,NA,NA,deep,left,30,NA,0,0,0,0,0,0,1,0,2:22,3,1,0,-5,0,0,0,0,0,NA,NA,NA,NA,NA,NA,NA,NA,NA,NA,KICKOFF
ATL,3,GB,12,20,4,GB 32,ATL 10,INTERCEPTION,2,10,ATL 30,01:31,58,(1:31) (Shotgun) 10-J.Love pass incomplete short left.,pass,0,1,0,1,0,0,0,J.Love,NA,NA,NA,NA,NA,short,left,-7,NA,0,0,0,0,0,0,1,0,2:22,3,1,0,-5,0,0,0,0,0,NA,NA,NA,NA,NA,NA,NA,NA,NA,NA,KICKOFF
ATL,3,GB,12,20,4,GB 32,ATL 10,INTERCEPTION,3,10,ATL 30,01:28,58,(1:28) (Shotgun) 10-J.Love pass short left to 0-M.Golden ran ob at ATL 10 for 20 yards (33-B.Bowman).,pass,20,1,0,1,0,0,0,J.Love,20,M.Golden,20,NA,NA,short,left,9,11,0,1,1,0,0,0,0,0,2:22,3,1,0,-5,0,0,0,0,0,NA,NA,NA,NA,NA,NA,NA,NA,NA,NA,KICKOFF
ATL,3,GB,12,20,4,GB 32,ATL 10,INTERCEPTION,1,10,ATL 10,01:20,58,"(1:20) (No Huddle, Shotgun) 10-J.Love pass incomplete short middle to 23-S.Moore (33-B.Bowman).",pass,0,1,1,1,0,0,0,J.Love,NA,S.Moore,NA,NA,NA,short,middle,6,NA,1,0,0,0,0,0,1,0,2:22,3,1,0,-5,0,0,0,0,0,NA,NA,NA,B.Bowman,NA,NA,NA,NA,NA,NA,KICKOFF
ATL,3,GB,12,20,4,GB 32,ATL 10,INTERCEPTION,2,10,ATL 10,01:18,58,(1:18) (Shotgun) 10-J.Love pass short middle intended for 18-J.Smith INTERCEPTED by 31-X.Watts [54-B.Dorlus] at ATL 3. 31-X.Watts to ATL 20 for 17 yards.,pass,0,1,0,1,0,0,0,J.Love,NA,J.Smith,NA,NA,NA,short,middle,7,NA,1,0,0,0,0,0,0,1,2:22,3,1,0,-5,0,0,0,0,0,NA,NA,B.Dorlus,X.Watts,NA,NA,NA,NA,NA,NA,KICKOFF
ATL,3,ATL,2,21,4,ATL 20,ATL 19,END_GAME,1,10,ATL 20,01:11,-2,(1:11) 9-M.Penix kneels to ATL 19 for -1 yards.,qb_kneel,-1,0,0,0,1,0,0,NA,NA,NA,NA,M.Penix,-1,NA,NA,NA,NA,0,0,0,0,0,0,0,0,1:11,0,0,0,0,0,0,0,0,0,NA,NA,NA,NA,NA,NA,NA,NA,NA,NA,INTERCEPTION
ATL,3,ATL,2,21,4,ATL 20,ATL 19,END_GAME,2,11,ATL 19,00:38,-2,(:38) 9-M.Penix kneels to ATL 18 for -1 yards.,qb_kneel,-1,0,0,0,1,0,0,NA,NA,NA,NA,M.Penix,-1,NA,NA,NA,NA,0,0,0,0,0,0,0,0,1:11,0,0,0,0,0,0,0,0,0,NA,NA,NA,NA,NA,NA,NA,NA,NA,NA,INTERCEPTION
ATL,3,ATL,2,21,4,ATL 20,ATL 19,END_GAME,NA,0,NA,00:00,-2,END GAME,NA,NA,0,0,NA,0,0,0,NA,NA,NA,NA,NA,NA,NA,NA,NA,NA,0,NA,NA,NA,NA,NA,NA,NA,1:11,0,0,0,0,NA,NA,NA,NA,NA,NA,NA,NA,NA,NA,NA,NA,NA,NA,NA,INTERCEPTION
